LemonEntry,partOfSpeech,writtenFormMasculine,writtenFormFeminine,comparative,superlative_singular_masculine,superlative_singular_femine,superlative_plural_masculine,superlative_plural_feminine,SyntacticFrame,predFrame,sense,reference,oils:boundTo,oils:degree,domain,range,preposition,domainArticleIndex,domainWrittenSingularForm,domainWrittenPluralForm,rangeArticleIndex,rangeWrittenSingularForm,rangeWrittenPluralForm
Alta_1,adjective,alto,alta,más alta que,el más alto,la más alta,los más altos,las más altas,AdjectiveSuperlativeFrame,PredSynArg,1,oils:CovariantScalar,dbo:elevation,oils:high,dbo:Country,dbo:Mountain,in,masculine,país,países,feminine,montaña,montañas
Alta_2,adjective,alto,alta,más alta que,el más alto,la más alta,los más altos,las más altas,AdjectiveSuperlativeFrame,PredSynArg,1,oils:CovariantScalar,dbo:height,oils:high,dbo:Place,dbo:Lighthouse,de,masculine,país,países,masculine,faro,faros
alto_1,adjective,alto,alta,más alto que,el más alto,la más alta,los más altos,las más altas,AdjectiveSuperlativeFrame,PredSynArg,1,oils:CovariantScalar,dbo:height,oils:high,owl:Thing,dbo:BasketballPlayer,de,masculine,mundo,mundos,masculine,jugador de baloncesto,jugadores de baloncesto
alto_2,adjective,alto,alta,más alto que,el más alto,la más alta,los más altos,las más altas,AdjectiveSuperlativeFrame,PredSynArg,1,oils:CovariantScalar,dbo:height,oils:high,owl:Thing,dbo:Model,in,masculine,mundo,mundos,masculine,modelo,modelos
joven_1,adjective,joven,joven,más joven que,el más joven,la más joven,los más jóvenes,las más jóvenes,AdjectiveSuperlativeFrame,PredSynArg,1,oils:CovariantScalar,dbo:birthDate,oils:high,owl:Thing,dbo:DartsPlayer,de,masculine,mundo,mundos,masculine,jugador de dardos,jugador de dardos
mayor,adjective,mayor,mayor,mas viejo que,el mas viejo,la más vieja,los más viejos,las más viejas,AdjectiveSuperlativeFrame,PredSynArg,1,oils:CovariantScalar,dbo:birthDate,oils:low,dbo:Person,dbo:Person,de,feminine,ciudad,ciudades,masculine,niño,niños
big,adjective,grande,grande,más grande que,el más grande,la más grande,los más grandes,las más grandes,AdjectiveSuperlativeFrame,PredSynArg,1,oils:CovariantScalar,dbo:seatingCapacity,oils:high,dbo:Country,dbo:Stadium,de,masculine,país,países,masculine,estadio,estadios
large_1,adjective,amplio,amplia,más amplio que,el más amplio,la más amplia,los más amplios,las más amplias,AdjectiveSuperlativeFrame,PredSynArg,1,oils:CovariantScalar,dbo:areaTotal,oils:high,owl:Thing,dbo:Country,in,masculine,mundo,mundos,masculine,país,países
Young_2,adjective,joven,joven,más joven que,el más joven,la más joven,los más jóvenes ,las más jovenes,AdjectiveSuperlativeFrame,PredSynArg,1,oils:CovariantScalar,dbo:birthDate,oils:high,owl:Thing,dbo:Politician,in,masculine,mundo,mundos,masculine,político,políticos