LemonEntry,partOfSpeech,writtenForm,comparative,superlative_singular,superlative_plural,SyntacticFrame,predFrame,sense,reference,oils:boundTo,oils:degree,domain,range,preposition
hoch_1,adjective,hoch,höher,höchste,höchsten,AdjectiveSuperlativeFrame,PredSynArg,1,oils:CovariantScalar,dbo:elevation,oils:high,dbo:Country,dbo:Mountain,in
hoch_2,adjective,hoch,höher,höchste,höchsten,AdjectiveSuperlativeFrame,PredSynArg,1,oils:CovariantScalar,dbo:height,oils:high,dbo:Country,dbo:Colombo_Lighthouse,in
groeß_1,adjective,größ,größer,größte,größten,AdjectiveSuperlativeFrame,PredSynArg,1,oils:CovariantScalar,dbo:height,oils:high,owl:Thing,dbo:BasketballPlayer,in
groeß_2,adjective,größ,größer,größte,größten,AdjectiveSuperlativeFrame,PredSynArg,1,oils:CovariantScalar,dbo:height,oils:high,owl:Thing,dbo:Model,in
groeß_3,adjective,größ,größer,größte,größten,AdjectiveSuperlativeFrame,PredSynArg,1,oils:CovariantScalar,dbo:areaTotal,oils:high,owl:Thing,dbo:Country,in
groeß_4,adjective,größ,größer,größte,größten,AdjectiveSuperlativeFrame,PredSynArg,1,oils:CovariantScalar,dbo:seatingCapacity,oils:high,dbo:Country,dbo:Stadium,in
jueng_1,adjective,jüng,jünger,jüngsten,jüngsten,AdjectiveSuperlativeFrame,PredSynArg,1,oils:CovariantScalar,dbo:birthDate,oils:high,owl:Thing,dbo:DartsPlayer,in
jueng_2,adjective,jüng,jünger,jüngsten,jüngsten,AdjectiveSuperlativeFrame,PredSynArg,1,oils:CovariantScalar,dbo:birthDate,oils:high,owl:Thing,dbo:Politician,in
aelt,adjective,ält,älter,älteste,ältesten,AdjectiveSuperlativeFrame,PredSynArg,1,oils:CovariantScalar,dbo:birthDate,oils:low,dbo:Person,dbo:Person,of