lemon,partOfSpeech,writtenForm (singular),writtenForm (plural),preposition,SyntacticFrame,copulativeArg,prepositionalAdjunct,sense,reference,domain,range,GrammarRule1:question1,SPARQL,GrammarRule1: question2,SPARQL Question 2,GrammarRule 1: questions,SPARQL ,NP (Grammar Rule 2),type,number of rules
height_of,noun,height,-,of,NounPPFrame,range,domain,1,dbo:height,dbo:Model/dbo:Tower/dbo:BasketballPlayer,xsd:double,"What (xsd:double, X) is the height/- of (dbo:Model/dbo:Tower/dbo:BasketballPlayer,Y?) ",SELECT ?X WHERE { Y dbo:height ?X.},FALSE,FALSE,"List the (xsd:double, X) - of (dbo:Model/dbo:Tower/dbo:BasketballPlayer,Y?) ",SELECT ?X WHERE { Y dbo:height ?X.},"the height of (dbo:Model/dbo:Tower/dbo:BasketballPlayer,Y) ",Qald-7-training-dataset,2
cost-of,noun,cost,costs,of,NounPPFrame,range,domain,1,dbo:budget,dbo:Film,xsd:double,"What (xsd:double, X) is the cost/costs of (dbo:Film,Y?) ",SELECT ?X WHERE { Y dbo:budget ?X.},FALSE,FALSE,"List the (xsd:double, X) costs of (dbo:Film,Y?) ",SELECT ?X WHERE { Y dbo:budget ?X.},"the cost of (dbo:Film,Y) ",Qald-7-training-dataset,2
creator-of,noun,creator,creators,of,NounPPFrame,range,domain,1,dbo:creator,dbo:FictionalCharacter,dbo:Person,"What (dbo:Person, X) is the creator/creators of (dbo:FictionalCharacter,Y?) ",SELECT ?X WHERE { Y dbo:creator ?X.},"Who (dbo:Person, X) is the creator of (dbo:FictionalCharacter,Y?) (X dbo:creator Y)",SELECT ?X WHERE { Y dbo:creator ?X.},"List the (dbo:Person, X) creators of (dbo:FictionalCharacter,Y?) ",SELECT ?X WHERE { Y dbo:creator ?X.},"the creator of (dbo:FictionalCharacter,Y) ",Qald-7-training-dataset,2
population-of,noun,population,-,of,NounPPFrame,range,domain,1,dbo:populationTotal,dbo:PopulatedPlace,xsd:nonNegativeInteger,"What (xsd:nonNegativeInteger, X) is the population/- of (dbo:PopulatedPlace,Y?) ",SELECT ?X WHERE { Y dbo:populationTotal ?X.},FALSE,FALSE,"List the (xsd:nonNegativeInteger, X) - of (dbo:PopulatedPlace,Y?) ",SELECT ?X WHERE { Y dbo:populationTotal ?X.},"the population of (dbo:PopulatedPlace,Y) ",Qald-7-training-dataset,2
causeOfDeath_of,noun,cause of death,causes of death,of,NounPPFrame,range,domain,1,dbo:deathCause,dbo:Person,xsd:String,"What (xsd:String, X) is the cause of death/causes of death of (dbo:Person,Y?) ",SELECT ?X WHERE { Y dbo:deathCause ?X.},FALSE,FALSE,"List the (xsd:String, X) causes of death of (dbo:Person,Y?) ",SELECT ?X WHERE { Y dbo:deathCause ?X.},"the cause of death of (dbo:Person,Y) ",Qald-7-training-dataset,2
birthYear_of,noun,birth year,-,of,NounPPFrame,range,domain,1,dbo:birthYear,dbo:Person,xsd:gYear,"What (xsd:gYear, X) is the birth year/- of (dbo:Person,Y?) ",SELECT ?X WHERE { Y dbo:birthYear ?X.},FALSE,FALSE,"List the (xsd:gYear, X) - of (dbo:Person,Y?) ",SELECT ?X WHERE { Y dbo:birthYear ?X.},"the birth year of (dbo:Person,Y) ",Qald-7-training-dataset,2
ingredient_of,noun,ingredient,ingredients,of,NounPPFrame,range,domain,1,dbo:ingredient,dbo:Food,owl:Thing,"What (owl:Thing, X) is the ingredient/ingredients of (dbo:Food,Y?) ",SELECT ?X WHERE { Y dbo:ingredient ?X.},FALSE,FALSE,"List the (owl:Thing, X) ingredients of (dbo:Food,Y?) ",SELECT ?X WHERE { Y dbo:ingredient ?X.},"the ingredient of (dbo:Food,Y) ",Qald-7-training-dataset,2
dissolutionDate_of,noun,dissolution date,-,of,NounPPFrame,range,domain,1,dbo:dissolutionDate,dbo:AdministrativeRegion,xsd:date,"What (xsd:date, X) is the dissolution date/- of (dbo:AdministrativeRegion,Y?) ",SELECT ?X WHERE { Y dbo:dissolutionDate ?X.},FALSE,FALSE,"List the (xsd:date, X) - of (dbo:AdministrativeRegion,Y?) ",SELECT ?X WHERE { Y dbo:dissolutionDate ?X.},"the dissolution date of (dbo:AdministrativeRegion,Y) ",Qald-7-training-dataset,2
firstSeason_of,noun,first season,-,of,NounPPFrame,range,domain,1,dbo:seasonNumber,dbo:TelevisionShow,xsd:nonNegativeInteger,"What (xsd:nonNegativeInteger, X) is the first season/- of (dbo:TelevisionShow,Y?) ",SELECT ?X WHERE { Y dbo:seasonNumber ?X.},FALSE,FALSE,"List the (xsd:nonNegativeInteger, X) - of (dbo:TelevisionShow,Y?) ",SELECT ?X WHERE { Y dbo:seasonNumber ?X.},"the first season of (dbo:TelevisionShow,Y) ",Qald-7-training-dataset,2
number_of,noun,number of locations,-,of,NounPPFrame,range,domain,1,dbo:numberOfLocations,dbo:Company,xsd:nonNegativeInteger,"What (xsd:nonNegativeInteger, X) is the number of locations/- of (dbo:Company,Y?) ",SELECT ?X WHERE { Y dbo:numberOfLocations ?X.},FALSE,FALSE,"List the (xsd:nonNegativeInteger, X) - of (dbo:Company,Y?) ",SELECT ?X WHERE { Y dbo:numberOfLocations ?X.},"the number of locations of (dbo:Company,Y) ",Qald-7-training-dataset,2
deathDate-of,noun,death date,-,of,NounPPFrame,range,domain,1,dbo:deathDate,dbo:Person,xsd:date,"What (xsd:date, X) is the death date/- of (dbo:Person,Y?) ",SELECT ?X WHERE { Y dbo:deathDate ?X.},FALSE,FALSE,"List the (xsd:date, X) - of (dbo:Person,Y?) ",SELECT ?X WHERE { Y dbo:deathDate ?X.},"the death date of (dbo:Person,Y) ",Qald-7-training-dataset,2
recordLabel_of,noun,record label,record labels,of,NounPPFrame,range,domain,1,dbo:RecordLabel,dbo:Genre,xsd:string,"What (xsd:string, X) is the record label/record labels of (dbo:Genre,Y?) ",SELECT ?X WHERE { Y dbo:RecordLabel ?X.},FALSE,FALSE,"List the (xsd:string, X) record labels of (dbo:Genre,Y?) ",SELECT ?X WHERE { Y dbo:RecordLabel ?X.},"the record label of (dbo:Genre,Y) ",Qald-7-training-dataset,2
completionDate-of,noun,completion date,-,of,NounPPFrame,range,domain,1,dbo:completionDate,dbo:Ship,xsd:date,"What (xsd:date, X) is the completion date/- of (dbo:Ship,Y?) ",SELECT ?X WHERE { Y dbo:completionDate ?X.},FALSE,FALSE,"List the (xsd:date, X) - of (dbo:Ship,Y?) ",SELECT ?X WHERE { Y dbo:completionDate ?X.},"the completion date of (dbo:Ship,Y) ",Qald-7-training-dataset,2
numberOfPages-of,noun,number of pages,-,of,NounPPFrame,range,domain,1,dbo:numberOfPages,dbo:WrittenWork,xsd:positiveInteger,"What (xsd:positiveInteger, X) is the number of pages/- of (dbo:WrittenWork,Y?) ",SELECT ?X WHERE { Y dbo:numberOfPages ?X.},FALSE,FALSE,"List the (xsd:positiveInteger, X) - of (dbo:WrittenWork,Y?) ",SELECT ?X WHERE { Y dbo:numberOfPages ?X.},"the number of pages of (dbo:WrittenWork,Y) ",Qald-7-training-dataset,2
timeZone-of,noun,time zone,time zones,of,NounPPFrame,range,domain,1,dbo:timeZone,dbo:City,xsd:string,"What (xsd:string, X) is the time zone/time zones of (dbo:City,Y?) ",SELECT ?X WHERE { Y dbo:timeZone ?X.},FALSE,FALSE,"List the (xsd:string, X) time zones of (dbo:City,Y?) ",SELECT ?X WHERE { Y dbo:timeZone ?X.},"the time zone of (dbo:City,Y) ",Qald-7-training-dataset,2
areaCode_of,noun,area code,-,of,NounPPFrame,range,domain,1,dbo:areaCode,dbo:City,xsd:string,"What (xsd:string, X) is the area code/- of (dbo:City,Y?) ",SELECT ?X WHERE { Y dbo:areaCode ?X.},FALSE,FALSE,"List the (xsd:string, X) - of (dbo:City,Y?) ",SELECT ?X WHERE { Y dbo:areaCode ?X.},"the area code of (dbo:City,Y) ",Qald-7-training-dataset,2
nickname_of,noun,nickname,nicknames,of,NounPPFrame,range,domain,1,dbp:nickname,dbo:City,xsd:string,"What (xsd:string, X) is the nickname/nicknames of (dbo:City,Y?) ",SELECT ?X WHERE { Y dbp:nickname ?X.},FALSE,FALSE,"List the (xsd:string, X) nicknames of (dbo:City,Y?) ",SELECT ?X WHERE { Y dbp:nickname ?X.},"the nickname of (dbo:City,Y) ",Qald-7-training-dataset,2
party-of,noun,party,parties,of,NounPPFrame,range,domain,1,dbo:party,dbo:Politician,xsd:string,"What (xsd:string, X) is the party/parties of (dbo:Politician,Y?) ",SELECT ?X WHERE { Y dbo:party ?X.},FALSE,FALSE,"List the (xsd:string, X) parties of (dbo:Politician,Y?) ",SELECT ?X WHERE { Y dbo:party ?X.},"the party of (dbo:Politician,Y) ",Qald-7-training-dataset,2
president-of,noun,president,presidents,of,NounPPFrame,range,domain,1,dbo:office,dbo:Person,xsd:string,"What (xsd:string, X) is the president/presidents of (dbo:Person,Y?) ",SELECT ?X WHERE { Y dbo:office ?X.},FALSE,FALSE,"List the (xsd:string, X) presidents of (dbo:Person,Y?) ",SELECT ?X WHERE { Y dbo:office ?X.},"the president of (dbo:Person,Y) ",Qald-7-training-dataset,2
elevation-of,noun,elevation,-,of,NounPPFrame,range,domain,1,dbo:elevation,dbo:Mountain,xsd:double,"What (xsd:double, X) is the elevation/- of (dbo:Mountain,Y?) ",SELECT ?X WHERE { Y dbo:elevation ?X.},FALSE,FALSE,"List the (xsd:double, X) - of (dbo:Mountain,Y?) ",SELECT ?X WHERE { Y dbo:elevation ?X.},"the elevation of (dbo:Mountain,Y) ",Qald-7-training-dataset,2
foundingYear_of,noun,founding year,-,of,NounPPFrame,range,domain,1,dbo:foundingYear,dbo:Company,xsd:gYear,"What (xsd:gYear, X) is the founding year/- of (dbo:Company,Y?) ",SELECT ?X WHERE { Y dbo:foundingYear ?X.},FALSE,FALSE,"List the (xsd:gYear, X) - of (dbo:Company,Y?) ",SELECT ?X WHERE { Y dbo:foundingYear ?X.},"the founding year of (dbo:Company,Y) ",Qald-7-training-dataset,2
restingPlace-of,noun,resting place,-,of,NounPPFrame,range,domain,1,dbo:restingPlace,dbo:Person,xsd:string,"What (xsd:string, X) is the resting place/- of (dbo:Person,Y?) ",SELECT ?X WHERE { Y dbo:restingPlace ?X.},FALSE,FALSE,"List the (xsd:string, X) - of (dbo:Person,Y?) ",SELECT ?X WHERE { Y dbo:restingPlace ?X.},"the resting place of (dbo:Person,Y) ",Qald-7-training-dataset,2
artisticMovement_of,noun,artistic movement,artistic movements,of,NounPPFrame,range,domain,1,dbo:movement,dbo:Artist,owl:Thing,"What (owl:Thing, X) is the artistic movement/artistic movements of (dbo:Artist,Y?) ",SELECT ?X WHERE { Y dbo:movement ?X.},FALSE,FALSE,"List the (owl:Thing, X) artistic movements of (dbo:Artist,Y?) ",SELECT ?X WHERE { Y dbo:movement ?X.},"the artistic movement of (dbo:Artist,Y) ",Qald-7-training-dataset,2
first_to_climb,noun,first to climb,-,X,NounPPFrame,range,domain,1,dbo:firstAscentPerson,dbo:Mountain,dbo:Person,"What (dbo:Person, X) is the first to climb/- X (dbo:Mountain,Y?) ",SELECT ?X WHERE { Y dbo:firstAscentPerson ?X.},"Who (dbo:Person, X) is the first to climb X (dbo:Mountain,Y?) (X dbo:firstAscentPerson Y)",SELECT ?X WHERE { Y dbo:firstAscentPerson ?X.},"List the (dbo:Person, X) - X (dbo:Mountain,Y?) ",SELECT ?X WHERE { Y dbo:firstAscentPerson ?X.},"the first to climb X (dbo:Mountain,Y) ",Qald-7-training-dataset,2
music_by,noun,music,musics,by,NounPPFrame,domain,range,1,dbo:musicBy,dbo:Person,dbo:Musical,"What ( dbo:Person,X) is the music/musics by (dbo:Musical,Y)? ",SELECT ?X WHERE { ?X dbo:musicBy Y.},"Who ( dbo:Person,X) is the music by (dbo:Musical,Y)? (Y dbo:musicBy X)",SELECT ?X WHERE { ?X dbo:musicBy Y.},"List the ( dbo:Person,X)musics by (dbo:Musical,Y)? ",SELECT ?X WHERE { ?X dbo:musicBy Y.},"the music by (dbo:Musical,Y) ",Qald-7-training-dataset,2
wife-of,noun,wife,wives,of,NounPPFrame,range,domain,1,dbo:spouse,dbo:Person,dbo:Person,"What (dbo:Person, X) is the wife/wives of (dbo:Person,Y?) ",SELECT ?X WHERE { Y dbo:spouse ?X.},"Who (dbo:Person, X) is the wife of (dbo:Person,Y?) (X dbo:spouse Y)",SELECT ?X WHERE { Y dbo:spouse ?X.},"List the (dbo:Person, X) wives of (dbo:Person,Y?) ",SELECT ?X WHERE { Y dbo:spouse ?X.},"the wife of (dbo:Person,Y) ",Qald-7-training-dataset,2
host_of,noun,host,hosts,of,NounPPFrame,range,domain,1,dbo:presenter,dbo:TelevisionShow,dbo:Person,"What (dbo:Person, X) is the host/hosts of (dbo:TelevisionShow,Y?) ",SELECT ?X WHERE { Y dbo:presenter ?X.},"Who (dbo:Person, X) is the host of (dbo:TelevisionShow,Y?) (X dbo:presenter Y)",SELECT ?X WHERE { Y dbo:presenter ?X.},"List the (dbo:Person, X) hosts of (dbo:TelevisionShow,Y?) ",SELECT ?X WHERE { Y dbo:presenter ?X.},"the host of (dbo:TelevisionShow,Y) ",Qald-7-training-dataset,2
largest_country_in,noun,largest country,-,of,NounPPFrame,range,domain,1,dbo:areaTotal,dbo:Country,dbo:Country,"What (dbo:Country, X) is the largest country/- of (dbo:Country,Y?) ",SELECT ?X WHERE { Y dbo:areaTotal ?X.},FALSE,FALSE,"List the (dbo:Country, X) - of (dbo:Country,Y?) ",SELECT ?X WHERE { Y dbo:areaTotal ?X.},"the largest country of (dbo:Country,Y) ",Qald-7-training-dataset,2
mayor_of_1,noun,mayor,mayors,of,NounPPFrame,range,domain,1,dbo:mayor,dbo:Settlement/dbo:City,dbo:Person,"What (dbo:Person, X) is the mayor/mayors of (dbo:Settlement/dbo:City,Y?) ",SELECT ?X WHERE { Y dbo:mayor ?X.},"Who (dbo:Person, X) is the mayor of (dbo:Settlement/dbo:City,Y?) (X dbo:mayor Y)",SELECT ?X WHERE { Y dbo:mayor ?X.},"List the (dbo:Person, X) mayors of (dbo:Settlement/dbo:City,Y?) ",SELECT ?X WHERE { Y dbo:mayor ?X.},"the mayor of (dbo:Settlement/dbo:City,Y) ",Qald-7-training-dataset,2
mayor_of_2,noun,mayor,mayors,of,NounPPFrame,range,domain,1,dbo:leaderName,dbo:City,dbo:Person,"What (dbo:Person, X) is the mayor/mayors of (dbo:City,Y?) ",SELECT ?X WHERE { Y dbo:leaderName ?X.},"Who (dbo:Person, X) is the mayor of (dbo:City,Y?) (X dbo:leaderName Y)",SELECT ?X WHERE { Y dbo:leaderName ?X.},"List the (dbo:Person, X) mayors of (dbo:City,Y?) ",SELECT ?X WHERE { Y dbo:leaderName ?X.},"the mayor of (dbo:City,Y) ",Qald-7-training-dataset,2
coach_of,noun,coach,coaches,of,NounPPFrame,range,domain,1,dbo:coach,dbo:IceHockeyLeague,dbo:Person,"What (dbo:Person, X) is the coach/coaches of (dbo:IceHockeyLeague,Y?) ",SELECT ?X WHERE { Y dbo:coach ?X.},"Who (dbo:Person, X) is the coach of (dbo:IceHockeyLeague,Y?) (X dbo:coach Y)",SELECT ?X WHERE { Y dbo:coach ?X.},"List the (dbo:Person, X) coaches of (dbo:IceHockeyLeague,Y?) ",SELECT ?X WHERE { Y dbo:coach ?X.},"the coach of (dbo:IceHockeyLeague,Y) ",Qald-7-training-dataset,2
birthPlace_of,noun,birth place,-,of,NounPPFrame,range,domain,1,dbo:birthPlace,dbo:Person,dbo:Country,"What (dbo:Country, X) is the birth place/- of (dbo:Person,Y?) ",SELECT ?X WHERE { Y dbo:birthPlace ?X.},FALSE,FALSE,"List the (dbo:Country, X) - of (dbo:Person,Y?) ",SELECT ?X WHERE { Y dbo:birthPlace ?X.},"the birth place of (dbo:Person,Y) ",Qald-7-training-dataset,2
location-of_1,noun,location,-,of,NounPPFrame,range,domain,1,dbo:location,dbo:Place,dbo:Place,"What (dbo:Place, X) is the location/- of (dbo:Place,Y?) ",SELECT ?X WHERE { Y dbo:location ?X.},FALSE,FALSE,"List the (dbo:Place, X) - of (dbo:Place,Y?) ",SELECT ?X WHERE { Y dbo:location ?X.},"the location of (dbo:Place,Y) ",Qald-7-training-dataset,2
location-of_2,noun,location,-,of,NounPPFrame,range,domain,1,dbo:locatedInArea,dbo:Mountain,dbo:Country,"What (dbo:Country, X) is the location/- of (dbo:Mountain,Y?) ",SELECT ?X WHERE { Y dbo:locatedInArea ?X.},FALSE,FALSE,"List the (dbo:Country, X) - of (dbo:Mountain,Y?) ",SELECT ?X WHERE { Y dbo:locatedInArea ?X.},"the location of (dbo:Mountain,Y) ",Qald-7-training-dataset,2
officialLanguage-of,noun,official language,official languages,of,NounPPFrame,range,domain,1,dbo:officialLanguage,dbo:Country,dbo:Language,"What (dbo:Language, X) is the official language/official languages of (dbo:Country,Y?) ",SELECT ?X WHERE { Y dbo:officialLanguage ?X.},FALSE,FALSE,"List the (dbo:Language, X) official languages of (dbo:Country,Y?) ",SELECT ?X WHERE { Y dbo:officialLanguage ?X.},"the official language of (dbo:Country,Y) ",Qald-7-training-dataset,2
ingredient_of,noun,ingredient,ingredients,of,NounPPFrame,range,domain,1,dbo:ingredient,dbo:Food,owl:Thing,"What (owl:Thing, X) is the ingredient/ingredients of (dbo:Food,Y?) ",SELECT ?X WHERE { Y dbo:ingredient ?X.},FALSE,FALSE,"List the (owl:Thing, X) ingredients of (dbo:Food,Y?) ",SELECT ?X WHERE { Y dbo:ingredient ?X.},"the ingredient of (dbo:Food,Y) ",Qald-7-training-dataset,2
largestCity_of,noun,largest city,-,of,NounPPFrame,range,domain,1,dbo:largestCity,dbo:Country,dbo:City,"What (dbo:City, X) is the largest city/- of (dbo:Country,Y?) ",SELECT ?X WHERE { Y dbo:largestCity ?X.},FALSE,FALSE,"List the (dbo:City, X) - of (dbo:Country,Y?) ",SELECT ?X WHERE { Y dbo:largestCity ?X.},"the largest city of (dbo:Country,Y) ",Qald-7-training-dataset,2
programmingLanguage_of,noun,programming language,programming languages,of,NounPPFrame,range,domain,1,dbo:programmingLanguage,dbo:Work,dbo:Language,"What (dbo:Language, X) is the programming language/programming languages of (dbo:Work,Y?) ",SELECT ?X WHERE { Y dbo:programmingLanguage ?X.},FALSE,FALSE,"List the (dbo:Language, X) programming languages of (dbo:Work,Y?) ",SELECT ?X WHERE { Y dbo:programmingLanguage ?X.},"the programming language of (dbo:Work,Y) ",Qald-7-training-dataset,2
editor_of,noun,editor,editors,of,NounPPFrame,range,domain,1,dbo:editor,dbo:Work,dbo:Person,"What (dbo:Person, X) is the editor/editors of (dbo:Work,Y?) ",SELECT ?X WHERE { Y dbo:editor ?X.},"Who (dbo:Person, X) is the editor of (dbo:Work,Y?) (X dbo:editor Y)",SELECT ?X WHERE { Y dbo:editor ?X.},"List the (dbo:Person, X) editors of (dbo:Work,Y?) ",SELECT ?X WHERE { Y dbo:editor ?X.},"the editor of (dbo:Work,Y) ",Qald-7-training-dataset,2
capital-of,noun,capital,-,of,NounPPFrame,range,domain,1,dbo:capital,dbo:Country,dbo:City,"What (dbo:City, X) is the capital/- of (dbo:Country,Y?) ",SELECT ?X WHERE { Y dbo:capital ?X.},FALSE,FALSE,"List the (dbo:City, X) - of (dbo:Country,Y?) ",SELECT ?X WHERE { Y dbo:capital ?X.},"the capital of (dbo:Country,Y) ",Qald-7-training-dataset,2
child_of,noun,child,children,of,NounPPFrame,range,domain,1,dbo:child,dbo:Person,dbo:Person,"What (dbo:Person, X) is the child/children of (dbo:Person,Y?) ",SELECT ?X WHERE { Y dbo:child ?X.},"Who (dbo:Person, X) is the child of (dbo:Person,Y?) (X dbo:child Y)",SELECT ?X WHERE { Y dbo:child ?X.},"List the (dbo:Person, X) children of (dbo:Person,Y?) ",SELECT ?X WHERE { Y dbo:child ?X.},"the child of (dbo:Person,Y) ",Qald-7-training-dataset,2
nationality_of,noun,nationality,-,of,NounPPFrame,range,domain,1,dbo:nationality,dbo:Person,dbo:Country,"What (dbo:Country, X) is the nationality/- of (dbo:Person,Y?) ",SELECT ?X WHERE { Y dbo:nationality ?X.},FALSE,FALSE,"List the (dbo:Country, X) - of (dbo:Person,Y?) ",SELECT ?X WHERE { Y dbo:nationality ?X.},"the nationality of (dbo:Person,Y) ",Qald-7-training-dataset,2
alterEgo-of,noun,alter ego,-,of,NounPPFrame,range,domain,1,dbp:alterEgo,dbo:ComicsCharacter,dbo:Person/xsd:string,"What (dbo:Person/xsd:string, X) is the alter ego/- of (dbo:ComicsCharacter,Y?) ",SELECT ?X WHERE { Y dbp:alterEgo ?X.},FALSE,FALSE,"List the (dbo:Person/xsd:string, X) - of (dbo:ComicsCharacter,Y?) ",SELECT ?X WHERE { Y dbp:alterEgo ?X.},"the alter ego of (dbo:ComicsCharacter,Y) ",Qald-7-training-dataset,2
formOfGovernment-of,noun,form of government,-,of,NounPPFrame,range,domain,1,dbo:governmentType,dbo:Country,dbo:Country,"What (dbo:Country, X) is the form of government/- of (dbo:Country,Y?) ",SELECT ?X WHERE { Y dbo:governmentType ?X.},FALSE,FALSE,"List the (dbo:Country, X) - of (dbo:Country,Y?) ",SELECT ?X WHERE { Y dbo:governmentType ?X.},"the form of government of (dbo:Country,Y) ",Qald-7-training-dataset,2
wine_region_of,noun,wine region,wine regions,of,NounPPFrame,range,domain,1,dbo:wineRegion,dbo:Grape,dbo:Place,"What (dbo:Place, X) is the wine region/wine regions of (dbo:Grape,Y?) ",SELECT ?X WHERE { Y dbo:wineRegion ?X.},FALSE,FALSE,"List the (dbo:Place, X) wine regions of (dbo:Grape,Y?) ",SELECT ?X WHERE { Y dbo:wineRegion ?X.},"the wine region of (dbo:Grape,Y) ",Qald-7-training-dataset,2
loyalty,noun,loyalty,loyalties,X,NounPPFrame,range,domain,1,dbo:connotation,dbo:Loyalty,dbo:Color,"What (dbo:Color, X) is the loyalty/loyalties X (dbo:Loyalty,Y?) ",SELECT ?X WHERE { Y dbo:connotation ?X.},FALSE,FALSE,"List the (dbo:Color, X) loyalties X (dbo:Loyalty,Y?) ",SELECT ?X WHERE { Y dbo:connotation ?X.},"the loyalty X (dbo:Loyalty,Y) ",Qald-7-training-dataset,2
Leader-of-1,noun,leader,leaders,of,NounPPFrame,range,domain,1,dbo:leader,dbo:Legislature,dbo:Organisation/dbo:Royalty,"What (dbo:Organisation/dbo:Royalty, X) is the leader/leaders of (dbo:Legislature,Y?) ",SELECT ?X WHERE { Y dbo:leader ?X.},FALSE,FALSE,"List the (dbo:Organisation/dbo:Royalty, X) leaders of (dbo:Legislature,Y?) ",SELECT ?X WHERE { Y dbo:leader ?X.},"the leader of (dbo:Legislature,Y) ",Qald-7-training-dataset,2
vice_president_of,noun,vice president,vice president,of,NounPPFrame,range,domain,1,dbo:vicePresident,dbo:Politician,dbo:Politician,"What (dbo:Politician, X) is the vice president/vice president of (dbo:Politician,Y?) ",SELECT ?X WHERE { Y dbo:vicePresident ?X.},FALSE,FALSE,"List the (dbo:Politician, X) vice president of (dbo:Politician,Y?) ",SELECT ?X WHERE { Y dbo:vicePresident ?X.},"the vice president of (dbo:Politician,Y) ",Qald-7-training-dataset,2
musicComposer-of,noun,music composer,music composers,of,NounPPFrame,range,domain,1,dbo:musicComposer,dbo:TelevisionShow,dbo:Person,"What (dbo:Person, X) is the music composer/music composers of (dbo:TelevisionShow,Y?) ",SELECT ?X WHERE { Y dbo:musicComposer ?X.},"Who (dbo:Person, X) is the music composer of (dbo:TelevisionShow,Y?) (X dbo:musicComposer Y)",SELECT ?X WHERE { Y dbo:musicComposer ?X.},"List the (dbo:Person, X) music composers of (dbo:TelevisionShow,Y?) ",SELECT ?X WHERE { Y dbo:musicComposer ?X.},"the music composer of (dbo:TelevisionShow,Y) ",Qald-7-training-dataset,2
currency_of,noun,currency,currencies,of,NounPPFrame,range,domain,1,dbo:currency,dbo:Country,dbo:Currency,"What (dbo:Currency, X) is the currency/currencies of (dbo:Country,Y?) ",SELECT ?X WHERE { Y dbo:currency ?X.},FALSE,FALSE,"List the (dbo:Currency, X) currencies of (dbo:Country,Y?) ",SELECT ?X WHERE { Y dbo:currency ?X.},"the currency of (dbo:Country,Y) ",Qald-7-training-dataset,2
developer_of,noun,developer,developers,of,NounPPFrame,range,domain,1,dbo:developer,dbo:Work,dbo:Agent,"What (dbo:Agent, X) is the developer/developers of (dbo:Work,Y?) ",SELECT ?X WHERE { Y dbo:developer ?X.},FALSE,FALSE,"List the (dbo:Agent, X) developers of (dbo:Work,Y?) ",SELECT ?X WHERE { Y dbo:developer ?X.},"the developer of (dbo:Work,Y) ",Qald-7-training-dataset,2
deathPlace,noun,death place,-,of,NounPPFrame,range,domain,1,dbo:deathPlace,dbo:Politician,dbo:Place,"What (dbo:Place, X) is the death place/- of (dbo:Politician,Y?) ",SELECT ?X WHERE { Y dbo:deathPlace ?X.},FALSE,FALSE,"List the (dbo:Place, X) - of (dbo:Politician,Y?) ",SELECT ?X WHERE { Y dbo:deathPlace ?X.},"the death place of (dbo:Politician,Y) ",Qald-7-training-dataset,2
father_of,noun,father,-,of,NounPPFrame,range,domain,1,dbp:father,dbo:Royalty,dbo:Person,"What (dbo:Person, X) is the father/- of (dbo:Royalty,Y?) ",SELECT ?X WHERE { Y dbp:father ?X.},"Who (dbo:Person, X) is the father of (dbo:Royalty,Y?) (X dbp:father Y)",SELECT ?X WHERE { Y dbp:father ?X.},"List the (dbo:Person, X) - of (dbo:Royalty,Y?) ",SELECT ?X WHERE { Y dbp:father ?X.},"the father of (dbo:Royalty,Y) ",Qald-7-training-dataset,2
producer-of,noun,producer,producers,of,NounPPFrame,range,domain,1,dbo:producer,dbo:Film,dbo:Company,"What (dbo:Company, X) is the producer/producers of (dbo:Film,Y?) ",SELECT ?X WHERE { Y dbo:producer ?X.},FALSE,FALSE,"List the (dbo:Company, X) producers of (dbo:Film,Y?) ",SELECT ?X WHERE { Y dbo:producer ?X.},"the producer of (dbo:Film,Y) ",Qald-7-training-dataset,2
foundationPlace_of,noun,foundation place,-,of,NounPPFrame,range,domain,1,dbo:foundationPlace,dbo:Company,dbo:City,"What (dbo:City, X) is the foundation place/- of (dbo:Company,Y?) ",SELECT ?X WHERE { Y dbo:foundationPlace ?X.},FALSE,FALSE,"List the (dbo:City, X) - of (dbo:Company,Y?) ",SELECT ?X WHERE { Y dbo:foundationPlace ?X.},"the foundation place of (dbo:Company,Y) ",Qald-7-training-dataset,2
influencer_of,noun,influencer,influencers,of,NounPPFrame,range,domain,1,dbo:influenced,dbo:Person,dbo:Person,"What (dbo:Person, X) is the influencer/influencers of (dbo:Person,Y?) ",SELECT ?X WHERE { Y dbo:influenced ?X.},"Who (dbo:Person, X) is the influencer of (dbo:Person,Y?) (X dbo:influenced Y)",SELECT ?X WHERE { Y dbo:influenced ?X.},"List the (dbo:Person, X) influencers of (dbo:Person,Y?) ",SELECT ?X WHERE { Y dbo:influenced ?X.},"the influencer of (dbo:Person,Y) ",Qald-7-training-dataset,2
doctoralSupervisor_of,noun,doctoral supervisor,doctoral supervisors,of,NounPPFrame,range,domain,1,dbo:doctoralAdvisor,dbo:Scientist,dbo:Person,"What (dbo:Person, X) is the doctoral supervisor/doctoral supervisors of (dbo:Scientist,Y?) ",SELECT ?X WHERE { Y dbo:doctoralAdvisor ?X.},"Who (dbo:Person, X) is the doctoral supervisor of (dbo:Scientist,Y?) (X dbo:doctoralAdvisor Y)",SELECT ?X WHERE { Y dbo:doctoralAdvisor ?X.},"List the (dbo:Person, X) doctoral supervisors of (dbo:Scientist,Y?) ",SELECT ?X WHERE { Y dbo:doctoralAdvisor ?X.},"the doctoral supervisor of (dbo:Scientist,Y) ",Qald-7-training-dataset,2
residence-of,noun,residence,residences,of,NounPPFrame,range,domain,1,dbo:residence,dbo:Place,dbo:Person,"What (dbo:Person, X) is the residence/residences of (dbo:Place,Y?) ",SELECT ?X WHERE { Y dbo:residence ?X.},"Who (dbo:Person, X) is the residence of (dbo:Place,Y?) (X dbo:residence Y)",SELECT ?X WHERE { Y dbo:residence ?X.},"List the (dbo:Person, X) residences of (dbo:Place,Y?) ",SELECT ?X WHERE { Y dbo:residence ?X.},"the residence of (dbo:Place,Y) ",Qald-7-training-dataset,2
currency_of,noun,currency,currencies,of,NounPPFrame,range,domain,1,dbo:currency,dbo:Country,dbo:Currency,"What (dbo:Currency, X) is the currency/currencies of (dbo:Country,Y?) ",SELECT ?X WHERE { Y dbo:currency ?X.},FALSE,FALSE,"List the (dbo:Currency, X) currencies of (dbo:Country,Y?) ",SELECT ?X WHERE { Y dbo:currency ?X.},"the currency of (dbo:Country,Y) ",Qald-7-training-dataset,2
son_of,noun,son,sons,of,NounPPFrame,range,domain,1,dbo:child,dbo:Person,dbo:Person,"What (dbo:Person, X) is the son/sons of (dbo:Person,Y?) ",SELECT ?X WHERE { Y dbo:child ?X.},"Who (dbo:Person, X) is the son of (dbo:Person,Y?) (X dbo:child Y)",SELECT ?X WHERE { Y dbo:child ?X.},"List the (dbo:Person, X) sons of (dbo:Person,Y?) ",SELECT ?X WHERE { Y dbo:child ?X.},"the son of (dbo:Person,Y) ",Qald-7-training-dataset,2
headquarter_of,noun,headquarter,-,of,NounPPFrame,range,domain,1,dbo:headquarter,dbo:Organisation,dbo:PopulatedPlace,"What (dbo:PopulatedPlace, X) is the headquarter/- of (dbo:Organisation,Y?) ",SELECT ?X WHERE { Y dbo:headquarter ?X.},FALSE,FALSE,"List the (dbo:PopulatedPlace, X) - of (dbo:Organisation,Y?) ",SELECT ?X WHERE { Y dbo:headquarter ?X.},"the headquarter of (dbo:Organisation,Y) ",Qald-7-training-dataset,2
founder-of_1,noun,founder,founders,of,NounPPFrame,range,domain,1,dbo:founder,dbo:Publisher,dbo:Agent,"What (dbo:Agent, X) is the founder/founders of (dbo:Publisher,Y?) ",SELECT ?X WHERE { Y dbo:founder ?X.},FALSE,FALSE,"List the (dbo:Agent, X) founders of (dbo:Publisher,Y?) ",SELECT ?X WHERE { Y dbo:founder ?X.},"the founder of (dbo:Publisher,Y) ",Qald-7-training-dataset,2
founder-of_2,noun,founder,founders,of,NounPPFrame,range,domain,1,dbo:foundedBy,dbo:Organisation,dbo:Pope,"What (dbo:Pope, X) is the founder/founders of (dbo:Organisation,Y?) ",SELECT ?X WHERE { Y dbo:foundedBy ?X.},FALSE,FALSE,"List the (dbo:Pope, X) founders of (dbo:Organisation,Y?) ",SELECT ?X WHERE { Y dbo:foundedBy ?X.},"the founder of (dbo:Organisation,Y) ",Qald-7-training-dataset,2
autobiography-of,noun,autobiography,-,of,NounPPFrame,range,domain,1,dbo:literaryGenre,dbo:Autobiography,dbo:Author,"What (dbo:Author, X) is the autobiography/- of (dbo:Autobiography,Y?) ",SELECT ?X WHERE { Y dbo:literaryGenre ?X.},FALSE,FALSE,"List the (dbo:Author, X) - of (dbo:Autobiography,Y?) ",SELECT ?X WHERE { Y dbo:literaryGenre ?X.},"the autobiography of (dbo:Autobiography,Y) ",Qald-7-training-dataset,2
parent-of,noun,parent,parents,of,NounPPFrame,range,domain,1,dbo:parent,dbo:Person,dbo:Person,"What (dbo:Person, X) is the parent/parents of (dbo:Person,Y?) ",SELECT ?X WHERE { Y dbo:parent ?X.},"Who (dbo:Person, X) is the parent of (dbo:Person,Y?) (X dbo:parent Y)",SELECT ?X WHERE { Y dbo:parent ?X.},"List the (dbo:Person, X) parents of (dbo:Person,Y?) ",SELECT ?X WHERE { Y dbo:parent ?X.},"the parent of (dbo:Person,Y) ",Qald-7-training-dataset,2
artisticMovement_of,noun,artistic movement,artistic movements,of,NounPPFrame,range,domain,1,dbo:movement,dbo:Artist,owl:Thing,"What (owl:Thing, X) is the artistic movement/artistic movements of (dbo:Artist,Y?) ",SELECT ?X WHERE { Y dbo:movement ?X.},FALSE,FALSE,"List the (owl:Thing, X) artistic movements of (dbo:Artist,Y?) ",SELECT ?X WHERE { Y dbo:movement ?X.},"the artistic movement of (dbo:Artist,Y) ",Qald-7-training-dataset,2
author_of,noun,author,authors,of,NounPPFrame,range,domain,1,dbo:author,dbo:Work,dbo:Person,"What (dbo:Person, X) is the author/authors of (dbo:Work,Y?) ",SELECT ?X WHERE { Y dbo:author ?X.},"Who (dbo:Person, X) is the author of (dbo:Work,Y?) (X dbo:author Y)",SELECT ?X WHERE { Y dbo:author ?X.},"List the (dbo:Person, X) authors of (dbo:Work,Y?) ",SELECT ?X WHERE { Y dbo:author ?X.},"the author of (dbo:Work,Y) ",Qald-7-training-dataset,2
foundation_series_of,noun,foundation series,foundation series,of,NounPPFrame,range,domain,1,dbo:series,dbo:TelevisionShow,dbo:Person,"What (dbo:Person, X) is the foundation series/foundation series of (dbo:TelevisionShow,Y?) ",SELECT ?X WHERE { Y dbo:series ?X.},"Who (dbo:Person, X) is the foundation series of (dbo:TelevisionShow,Y?) (X dbo:series Y)",SELECT ?X WHERE { Y dbo:series ?X.},"List the (dbo:Person, X) foundation series of (dbo:TelevisionShow,Y?) ",SELECT ?X WHERE { Y dbo:series ?X.},"the foundation series of (dbo:TelevisionShow,Y) ",Qald-7-training-dataset,2
city-of,noun,city,cities,of,NounPPFrame,range,domain,1,dbo:isPartOf,dbo:AdministrativeRegion,dbo:City,"What (dbo:City, X) is the city/cities of (dbo:AdministrativeRegion,Y?) ",SELECT ?X WHERE { Y dbo:isPartOf ?X.},FALSE,FALSE,"List the (dbo:City, X) cities of (dbo:AdministrativeRegion,Y?) ",SELECT ?X WHERE { Y dbo:isPartOf ?X.},"the city of (dbo:AdministrativeRegion,Y) ",Qald-7-training-dataset,2
founder_of,noun,founder,founders,of,NounPPFrame,range,domain,1,dbo:foundedBy,dbo:BroadcastNetwork,dbo:Company,"What (dbo:Company, X) is the founder/founders of (dbo:BroadcastNetwork,Y?) ",SELECT ?X WHERE { Y dbo:foundedBy ?X.},FALSE,FALSE,"List the (dbo:Company, X) founders of (dbo:BroadcastNetwork,Y?) ",SELECT ?X WHERE { Y dbo:foundedBy ?X.},"the founder of (dbo:BroadcastNetwork,Y) ",Qald-7-training-dataset,2
wine_production-of,noun,wine production,wine productions,of,NounPPFrame,range,domain,1,dbo:wineProduced,dbo:Company,dbo:Location,"What (dbo:Location, X) is the wine production/wine productions of (dbo:Company,Y?) ",SELECT ?X WHERE { Y dbo:wineProduced ?X.},FALSE,FALSE,"List the (dbo:Location, X) wine productions of (dbo:Company,Y?) ",SELECT ?X WHERE { Y dbo:wineProduced ?X.},"the wine production of (dbo:Company,Y) ",Qald-7-training-dataset,2
residence_of,noun,residence,residences,of,NounPPFrame,range,domain,1,dbo:residence,dbo:Person,dbo:City,"What (dbo:City, X) is the residence/residences of (dbo:Person,Y?) ",SELECT ?X WHERE { Y dbo:residence ?X.},FALSE,FALSE,"List the (dbo:City, X) residences of (dbo:Person,Y?) ",SELECT ?X WHERE { Y dbo:residence ?X.},"the residence of (dbo:Person,Y) ",Qald-7-training-dataset,2
resting_place_of,noun,resting place,resting places,of,NounPPFrame,range,domain,1,dbo:restingPlace,dbo:Person,dbo:Country,"What (dbo:Country, X) is the resting place/resting places of (dbo:Person,Y?) ",SELECT ?X WHERE { Y dbo:restingPlace ?X.},FALSE,FALSE,"List the (dbo:Country, X) resting places of (dbo:Person,Y?) ",SELECT ?X WHERE { Y dbo:restingPlace ?X.},"the resting place of (dbo:Person,Y) ",Qald-7-training-dataset,2
composer-of,noun,music composer,music composers,of,NounPPFrame,range,domain,1,dbo:composer,dbo:TelevisionShow,dbo:Person,"What (dbo:Person, X) is the music composer/music composers of (dbo:TelevisionShow,Y?) ",SELECT ?X WHERE { Y dbo:composer ?X.},"Who (dbo:Person, X) is the music composer of (dbo:TelevisionShow,Y?) (X dbo:composer Y)",SELECT ?X WHERE { Y dbo:composer ?X.},"List the (dbo:Person, X) music composers of (dbo:TelevisionShow,Y?) ",SELECT ?X WHERE { Y dbo:composer ?X.},"the music composer of (dbo:TelevisionShow,Y) ",Qald-7-training-dataset,2
timeZone-of,noun,time zone,time zones,of,NounPPFrame,range,domain,1,dbo:timeZone,dbo:City/dbo:Town,xsd:string,"What (xsd:string, X) is the time zone/time zones of (dbo:City/dbo:Town,Y?) ",SELECT ?X WHERE { Y dbo:timeZone ?X.},FALSE,FALSE,"List the (xsd:string, X) time zones of (dbo:City/dbo:Town,Y?) ",SELECT ?X WHERE { Y dbo:timeZone ?X.},"the time zone of (dbo:City/dbo:Town,Y) ",Qald-7-training-dataset,2
borough-of,noun,borough,borough,of,NounPPFrame,domain,range,1,dbo:governmentType,dbo:Town,owl:Thing,"What ( dbo:Town,X) is the borough/borough of (owl:Thing,Y)? ",SELECT ?X WHERE { ?X dbo:governmentType Y.},FALSE,FALSE,"List the ( dbo:Town,X)borough of (owl:Thing,Y)? ",SELECT ?X WHERE { ?X dbo:governmentType Y.},"the borough of (owl:Thing,Y) ",Qald-7-training-dataset,2
membership-of,noun,member,members,of,NounPPFrame,range,domain,1,dbo:bandMember,dbo:Band,dbo:MusicalArtist,"What (dbo:MusicalArtist, X) is the member/members of (dbo:Band,Y?) ",SELECT ?X WHERE { Y dbo:bandMember ?X.},FALSE,FALSE,"List the (dbo:MusicalArtist, X) members of (dbo:Band,Y?) ",SELECT ?X WHERE { Y dbo:bandMember ?X.},"the member of (dbo:Band,Y) ",Qald-7-training-dataset,2
Book-in,noun,book,books,in,NounPPFrame,domain,range,1,dbo:series,dbo:Book,dbo:TelevisionShow,"What ( dbo:Book,X) is the book/books in (dbo:TelevisionShow,Y)? ",SELECT ?X WHERE { ?X dbo:series Y.},FALSE,FALSE,"List the ( dbo:Book,X)books in (dbo:TelevisionShow,Y)? ",SELECT ?X WHERE { ?X dbo:series Y.},"the book in (dbo:TelevisionShow,Y) ",Qald-7-training-dataset,2
book_by,noun,book,books,by,NounPPFrame,domain,range,1,dbo:author,dbo:Book,dbo:Writer,"What ( dbo:Book,X) is the book/books by (dbo:Writer,Y)? ",SELECT ?X WHERE { ?X dbo:author Y.},FALSE,FALSE,"List the ( dbo:Book,X)books by (dbo:Writer,Y)? ",SELECT ?X WHERE { ?X dbo:author Y.},"the book by (dbo:Writer,Y) ",Qald-7-training-dataset,2
king-of,noun,king,kings,of,NounPPFrame,range,domain,1,dbo:leader,dbo:Legislature/dbo:Place,dbo:Person,"What (dbo:Person, X) is the king/kings of (dbo:Legislature/dbo:Place,Y?) ",SELECT ?X WHERE { Y dbo:leader ?X.},"Who (dbo:Person, X) is the king of (dbo:Legislature/dbo:Place,Y?) (X dbo:leader Y)",SELECT ?X WHERE { Y dbo:leader ?X.},"List the (dbo:Person, X) kings of (dbo:Legislature/dbo:Place,Y?) ",SELECT ?X WHERE { Y dbo:leader ?X.},"the king of (dbo:Legislature/dbo:Place,Y) ",Qald-7-training-dataset,2
successor_of,noun,successor,-,of,NounPPFrame,range,domain,1,dbo:successor,dbo:Politician,dbo:Person,"What (dbo:Person, X) is the successor/- of (dbo:Politician,Y?) ",SELECT ?X WHERE { Y dbo:successor ?X.},"Who (dbo:Person, X) is the successor of (dbo:Politician,Y?) (X dbo:successor Y)",SELECT ?X WHERE { Y dbo:successor ?X.},"List the (dbo:Person, X) - of (dbo:Politician,Y?) ",SELECT ?X WHERE { Y dbo:successor ?X.},"the successor of (dbo:Politician,Y) ",Qald-7-training-dataset,2
game_by,noun,game,games,by,NounPPFrame,domain,range,1,dbo:publisher,dbo:VideoGame,dbo:Company/dbo:Publisher,"What ( dbo:VideoGame,X) is the game/games by (dbo:Company/dbo:Publisher,Y)? ",SELECT ?X WHERE { ?X dbo:publisher Y.},FALSE,FALSE,"List the ( dbo:VideoGame,X)games by (dbo:Company/dbo:Publisher,Y)? ",SELECT ?X WHERE { ?X dbo:publisher Y.},"the game by (dbo:Company/dbo:Publisher,Y) ",Qald-7-training-dataset,2
city-in,noun,city,cities,in,NounPPFrame,range,domain,1,dbo:isPartOf,dbo:AdministrativeRegion,dbo:City,"What (dbo:City, X) is the city/cities in (dbo:AdministrativeRegion,Y?) ",SELECT ?X WHERE { Y dbo:isPartOf ?X.},FALSE,FALSE,"List the (dbo:City, X) cities in (dbo:AdministrativeRegion,Y?) ",SELECT ?X WHERE { Y dbo:isPartOf ?X.},"the city in (dbo:AdministrativeRegion,Y) ",Qald-7-training-dataset,2
headquarter_of,noun,headquarter,-,of,NounPPFrame,range,domain,1,dbo:location,dbo:Building,dbo:City,"What (dbo:City, X) is the headquarter/- of (dbo:Building,Y?) ",SELECT ?X WHERE { Y dbo:location ?X.},FALSE,FALSE,"List the (dbo:City, X) - of (dbo:Building,Y?) ",SELECT ?X WHERE { Y dbo:location ?X.},"the headquarter of (dbo:Building,Y) ",Qald-7-training-dataset,2
party-of,noun,party,parties,of,NounPPFrame,range,domain,1,dbo:party,dbo:Politician,xsd:string,"What (xsd:string, X) is the party/parties of (dbo:Politician,Y?) ",SELECT ?X WHERE { Y dbo:party ?X.},FALSE,FALSE,"List the (xsd:string, X) parties of (dbo:Politician,Y?) ",SELECT ?X WHERE { Y dbo:party ?X.},"the party of (dbo:Politician,Y) ",Qald-7-training-dataset,2
son_of,noun,son,sons,of,NounPPFrame,range,domain,1,dbo:child,dbo:Person,dbo:Person,"What (dbo:Person, X) is the son/sons of (dbo:Person,Y?) ",SELECT ?X WHERE { Y dbo:child ?X.},,SELECT ?X WHERE { Y dbo:child ?X.},"List the (dbo:Person, X) sons of (dbo:Person,Y?) ",SELECT ?X WHERE { Y dbo:child ?X.},"the son of (dbo:Person,Y) ",Qald-7-training-dataset,2
daughter_of,noun,daughter,daughters,of,NounPPFrame,range,domain,1,dbo:child,dbo:Person,dbo:Person,"What (dbo:Person, X) is the daughter/daughters of (dbo:Person,Y?) ",SELECT ?X WHERE { Y dbo:child ?X.},"Who (dbo:Person, X) is the daughter of (dbo:Person,Y?) (X dbo:child Y)",SELECT ?X WHERE { Y dbo:child ?X.},"List the (dbo:Person, X) daughters of (dbo:Person,Y?) ",SELECT ?X WHERE { Y dbo:child ?X.},"the daughter of (dbo:Person,Y) ",Qald-7-training-dataset,2
coach_of,noun,coach,coaches,of,NounPPFrame,range,domain,1,dbo:coach,dbo:HockeyTeam,dbo:Person,"What (dbo:Person, X) is the coach/coaches of (dbo:HockeyTeam,Y?) ",SELECT ?X WHERE { Y dbo:coach ?X.},"Who (dbo:Person, X) is the coach of (dbo:HockeyTeam,Y?) (X dbo:coach Y)",SELECT ?X WHERE { Y dbo:coach ?X.},"List the (dbo:Person, X) coaches of (dbo:HockeyTeam,Y?) ",SELECT ?X WHERE { Y dbo:coach ?X.},"the coach of (dbo:HockeyTeam,Y) ",Qald-7-training-dataset,2
team_of,noun,team,teams,of,NounPPFrame,domain,range,1,dbo:league,dbo:HockeyTeam,dbo:IceHockeyLeague,"What ( dbo:HockeyTeam,X) is the team/teams of (dbo:IceHockeyLeague,Y)? ",SELECT ?X WHERE { ?X dbo:league Y.},FALSE,FALSE,"List the ( dbo:HockeyTeam,X)teams of (dbo:IceHockeyLeague,Y)? ",SELECT ?X WHERE { ?X dbo:league Y.},"the team of (dbo:IceHockeyLeague,Y) ",Qald-7-training-dataset,2
home_stadium_of,noun,home stadium,home stadiums,of,NounPPFrame,range,domain,1,dbo:ground,dbo:SportsClub,dbo:Stadium,"What (dbo:Stadium, X) is the home stadium/home stadiums of (dbo:SportsClub,Y?) ",SELECT ?X WHERE { Y dbo:ground ?X.},FALSE,FALSE,"List the (dbo:Stadium, X) home stadiums of (dbo:SportsClub,Y?) ",SELECT ?X WHERE { Y dbo:ground ?X.},"the home stadium of (dbo:SportsClub,Y) ",Qald-7-training-dataset,2
address-of,noun,address,addresses,of,NounPPFrame,range,domain,1,dbo:address,dbo:ArchitecturalStructure,xsd:string,"What (xsd:string, X) is the address/addresses of (dbo:ArchitecturalStructure,Y?) ",SELECT ?X WHERE { Y dbo:address ?X.},FALSE,FALSE,"List the (xsd:string, X) addresses of (dbo:ArchitecturalStructure,Y?) ",SELECT ?X WHERE { Y dbo:address ?X.},"the address of (dbo:ArchitecturalStructure,Y) ",other,2
album-of,noun,album,albums,of,NounPPFrame,range,domain,1,dbo:album,dbo:Song,dbo:Album,"What (dbo:Album, X) is the album/albums of (dbo:Song,Y?) ",SELECT ?X WHERE { Y dbo:album ?X.},FALSE,FALSE,"List the (dbo:Album, X) albums of (dbo:Song,Y?) ",SELECT ?X WHERE { Y dbo:album ?X.},"the album of (dbo:Song,Y) ",other,2
associatedMusicalArtist-of,noun,associated Musical Artist,associated Musical Artists,of,NounPPFrame,range,domain,1,dbo:associatedMusicalArtist,dbo:Band,dbo:Place,"What (dbo:Place, X) is the associated Musical Artist/associated Musical Artists of (dbo:Band,Y?) ",SELECT ?X WHERE { Y dbo:associatedMusicalArtist ?X.},FALSE,FALSE,"List the (dbo:Place, X) associated Musical Artists of (dbo:Band,Y?) ",SELECT ?X WHERE { Y dbo:associatedMusicalArtist ?X.},"the associated Musical Artist of (dbo:Band,Y) ",other,2
citizenship-of,noun,nationality,-,of,NounPPFrame,range,domain,1,dbo:citizenship,dbo:Person,dbo:Country,"What (dbo:Country, X) is the nationality/- of (dbo:Person,Y?) ",SELECT ?X WHERE { Y dbo:citizenship ?X.},FALSE,FALSE,"List the (dbo:Country, X) - of (dbo:Person,Y?) ",SELECT ?X WHERE { Y dbo:citizenship ?X.},"the nationality of (dbo:Person,Y) ",other,2
closingDate-of,noun,closing Date,closing Dates,of,NounPPFrame,range,domain,1,dbo:closingDate,dbo:Company,xsd:date,"What (xsd:date, X) is the closing Date/closing Dates of (dbo:Company,Y?) ",SELECT ?X WHERE { Y dbo:closingDate ?X.},FALSE,FALSE,"List the (xsd:date, X) closing Dates of (dbo:Company,Y?) ",SELECT ?X WHERE { Y dbo:closingDate ?X.},"the closing Date of (dbo:Company,Y) ",other,2
deliveryDate-of,noun,delivery Date,delivery Dates,of,NounPPFrame,range,domain,1,dbo:deliveryDate,dbo:MeanOfTransportation,xsd:date,"What (xsd:date, X) is the delivery Date/delivery Dates of (dbo:MeanOfTransportation,Y?) ",SELECT ?X WHERE { Y dbo:deliveryDate ?X.},FALSE,FALSE,"List the (xsd:date, X) delivery Dates of (dbo:MeanOfTransportation,Y?) ",SELECT ?X WHERE { Y dbo:deliveryDate ?X.},"the delivery Date of (dbo:MeanOfTransportation,Y) ",other,2
diameter-of,noun,diameter,diameters,of,NounPPFrame,range,domain,1,dbo:diameter,dbo:Device,xsd:double,"What (xsd:double, X) is the diameter/diameters of (dbo:Device,Y?) ",SELECT ?X WHERE { Y dbo:diameter ?X.},FALSE,FALSE,"List the (xsd:double, X) diameters of (dbo:Device,Y?) ",SELECT ?X WHERE { Y dbo:diameter ?X.},"the diameter of (dbo:Device,Y) ",other,2
employer-of,noun,employer,employers,of,NounPPFrame,range,domain,1,dbo:employer,dbo:Person,dbo:Place,"What (dbo:Place, X) is the employer/employers of (dbo:Person,Y?) ",SELECT ?X WHERE { Y dbo:employer ?X.},FALSE,FALSE,"List the (dbo:Place, X) employers of (dbo:Person,Y?) ",SELECT ?X WHERE { Y dbo:employer ?X.},"the employer of (dbo:Person,Y) ",other,2
isbn-of,noun,isbn,isbns,of,NounPPFrame,range,domain,1,dbo:isbn,dbo:Book,xsd:string,"What (xsd:string, X) is the isbn/isbns of (dbo:Book,Y?) ",SELECT ?X WHERE { Y dbo:isbn ?X.},FALSE,FALSE,"List the (xsd:string, X) isbns of (dbo:Book,Y?) ",SELECT ?X WHERE { Y dbo:isbn ?X.},"the isbn of (dbo:Book,Y) ",other,2
firstAirDate-of,noun,first Air Date,first Air Dates,of,NounPPFrame,range,domain,1,dbo:firstAirDate,dbo:TelevisionSeason,xsd:date,"What (xsd:date, X) is the first Air Date/first Air Dates of (dbo:TelevisionSeason,Y?) ",SELECT ?X WHERE { Y dbo:firstAirDate ?X.},FALSE,FALSE,"List the (xsd:date, X) first Air Dates of (dbo:TelevisionSeason,Y?) ",SELECT ?X WHERE { Y dbo:firstAirDate ?X.},"the first Air Date of (dbo:TelevisionSeason,Y) ",other,2
firstAscentPerson-of,noun,first Ascent Person,first Ascent Persons,of,NounPPFrame,range,domain,1,dbo:firstAscentPerson,dbo:Mountain,dbo:Place,"What (dbo:Place, X) is the first Ascent Person/first Ascent Persons of (dbo:Mountain,Y?) ",SELECT ?X WHERE { Y dbo:firstAscentPerson ?X.},FALSE,FALSE,"List the (dbo:Place, X) first Ascent Persons of (dbo:Mountain,Y?) ",SELECT ?X WHERE { Y dbo:firstAscentPerson ?X.},"the first Ascent Person of (dbo:Mountain,Y) ",other,2
flag-of,noun,flag,flags,of,NounPPFrame,range,domain,1,dbo:flag,dbo:Place,xsd:string,"What (xsd:string, X) is the flag/flags of (dbo:Place,Y?) ",SELECT ?X WHERE { Y dbo:flag ?X.},FALSE,FALSE,"List the (xsd:string, X) flags of (dbo:Place,Y?) ",SELECT ?X WHERE { Y dbo:flag ?X.},"the flag of (dbo:Place,Y) ",other,2
governor-of,noun,governor,governors,of,NounPPFrame,range,domain,1,dbo:governor,dbo:Person,dbo:Person,"What (dbo:Person, X) is the governor/governors of (dbo:Person,Y?) ",SELECT ?X WHERE { Y dbo:governor ?X.},"Who (dbo:Person, X) is the governor of (dbo:Person,Y?) (X dbo:governor Y)",SELECT ?X WHERE { Y dbo:governor ?X.},"List the (dbo:Person, X) governors of (dbo:Person,Y?) ",SELECT ?X WHERE { Y dbo:governor ?X.},"the governor of (dbo:Person,Y) ",other,2
lastElectionDate-of,noun,last Election Date,last Election Dates,of,NounPPFrame,range,domain,1,dbo:lastElectionDate,dbo:Organisation,xsd:date,"What (xsd:date, X) is the last Election Date/last Election Dates of (dbo:Organisation,Y?) ",SELECT ?X WHERE { Y dbo:lastElectionDate ?X.},FALSE,FALSE,"List the (xsd:date, X) last Election Dates of (dbo:Organisation,Y?) ",SELECT ?X WHERE { Y dbo:lastElectionDate ?X.},"the last Election Date of (dbo:Organisation,Y) ",other,2
minimumTemperature-of,noun,minimum Temperature,minimum Temperatures,of,NounPPFrame,range,domain,1,dbo:minimumTemperature,dbo:Planet,xsd:double,"What (xsd:double, X) is the minimum Temperature/minimum Temperatures of (dbo:Planet,Y?) ",SELECT ?X WHERE { Y dbo:minimumTemperature ?X.},FALSE,FALSE,"List the (xsd:double, X) minimum Temperatures of (dbo:Planet,Y?) ",SELECT ?X WHERE { Y dbo:minimumTemperature ?X.},"the minimum Temperature of (dbo:Planet,Y) ",other,2
numberOfSeasons-of,noun,number Of Season,number Of Seasons,of,NounPPFrame,range,domain,1,dbo:numberOfSeasons,dbo:TelevisionShow,xsd:nonNegativeInteger,"What (xsd:nonNegativeInteger, X) is the number Of Season/number Of Seasons of (dbo:TelevisionShow,Y?) ",SELECT ?X WHERE { Y dbo:numberOfSeasons ?X.},FALSE,FALSE,"List the (xsd:nonNegativeInteger, X) number Of Seasons of (dbo:TelevisionShow,Y?) ",SELECT ?X WHERE { Y dbo:numberOfSeasons ?X.},"the number Of Season of (dbo:TelevisionShow,Y) ",other,2
numberOfStudents-of,noun,number Of Student,number Of Students,of,NounPPFrame,range,domain,1,dbo:numberOfStudents,dbo:School,xsd:nonNegativeInteger,"What (xsd:nonNegativeInteger, X) is the number Of Student/number Of Students of (dbo:School,Y?) ",SELECT ?X WHERE { Y dbo:numberOfStudents ?X.},FALSE,FALSE,"List the (xsd:nonNegativeInteger, X) number Of Students of (dbo:School,Y?) ",SELECT ?X WHERE { Y dbo:numberOfStudents ?X.},"the number Of Student of (dbo:School,Y) ",other,2
openingDate-of,noun,opening Date,opening Dates,of,NounPPFrame,range,domain,1,dbo:openingDate,dbo:ArchitecturalStructure,xsd:date,"What (xsd:date, X) is the opening Date/opening Dates of (dbo:ArchitecturalStructure,Y?) ",SELECT ?X WHERE { Y dbo:openingDate ?X.},FALSE,FALSE,"List the (xsd:date, X) opening Dates of (dbo:ArchitecturalStructure,Y?) ",SELECT ?X WHERE { Y dbo:openingDate ?X.},"the opening Date of (dbo:ArchitecturalStructure,Y) ",other,2
postCode-of,noun,post code,-,of,NounPPFrame,range,domain,1,dbo:postalCode,dbo:Place,xsd:nonNegativeInteger,"What (xsd:nonNegativeInteger, X) is the post code/- of (dbo:Place,Y?) ",SELECT ?X WHERE { Y dbo:postalCode ?X.},FALSE,FALSE,"List the (xsd:nonNegativeInteger, X) - of (dbo:Place,Y?) ",SELECT ?X WHERE { Y dbo:postalCode ?X.},"the post code of (dbo:Place,Y) ",other,2
releaseDate-of,noun,release date,-,of,NounPPFrame,range,domain,1,dbo:releaseDate,dbo:Software,xsd:date,"What (xsd:date, X) is the release date/- of (dbo:Software,Y?) ",SELECT ?X WHERE { Y dbo:releaseDate ?X.},FALSE,FALSE,"List the (xsd:date, X) - of (dbo:Software,Y?) ",SELECT ?X WHERE { Y dbo:releaseDate ?X.},"the release date of (dbo:Software,Y) ",other,2
religion-of,noun,religion,-,of,NounPPFrame,range,domain,1,dbo:religion,dbo:Person,xsd:string,"What (xsd:string, X) is the religion/- of (dbo:Person,Y?) ",SELECT ?X WHERE { Y dbo:religion ?X.},FALSE,FALSE,"List the (xsd:string, X) - of (dbo:Person,Y?) ",SELECT ?X WHERE { Y dbo:religion ?X.},"the religion of (dbo:Person,Y) ",other,2