{
  "grammarEntries" : [ {
    "id" : 1,
    "Entry" : "anfangen",
    "syntacticFrame" : "IPP",
    "rules" : [ {
      "grammarRuleNo" : 1,
      "grammarRules" : [ "Wo fängt ($x | Place_NP) an?", "Wo ist ($x | Place_NP)?" ],
      "bindingVariable" : "$x",
      "sparql" : "(bgp (triple ?subjOfProp <http://dbpedia.org/ontology/routeStart> ?objOfProp))\n",
      "bindingType" : "subjOfProp",
      "returnType" : "objOfProp"
    }, {
      "grammarRuleNo" : 2,
      "grammarRules" : [ "was fängt in ($x | Road_NP) an?" ],
      "bindingVariable" : "$x",
      "sparql" : "(bgp (triple ?subjOfProp <http://dbpedia.org/ontology/routeStart> ?objOfProp))\n",
      "bindingType" : "objOfProp",
      "returnType" : "subjOfProp"
    } ]
  }, {
    "id" : 2,
    "Entry" : "aufhören",
    "syntacticFrame" : "IPP",
    "rules" : [ {
      "grammarRuleNo" : 1,
      "grammarRules" : [ "Wo hört ($x | Road_NP) auf?", "Wo ist ($x | Road_NP)?", "in welcher Lage hört ($x | Road_NP) auf?", "in welcher Lage hörte ($x | Road_NP) auf?", "in welcher Lage ist ($x | Road_NP) aufgehört?" ],
      "bindingVariable" : "$x",
      "sparql" : "(bgp (triple ?subjOfProp <http://dbpedia.org/ontology/routeEnd> ?objOfProp))\n",
      "bindingType" : "subjOfProp",
      "returnType" : "objOfProp"
    }, {
      "grammarRuleNo" : 2,
      "grammarRules" : [ "was hörte in ($x | Location_NP) auf?" ],
      "bindingVariable" : "$x",
      "sparql" : "(bgp (triple ?subjOfProp <http://dbpedia.org/ontology/routeEnd> ?objOfProp))\n",
      "bindingType" : "objOfProp",
      "returnType" : "subjOfProp"
    } ]
  }, {
    "id" : 3,
    "Entry" : "ausstellen",
    "syntacticFrame" : "IPP",
    "rules" : [ {
      "grammarRuleNo" : 1,
      "grammarRules" : [ "Wo ist ($x | Artwork_NP)?", "Wo stellt ($x | Artwork_NP) aus?" ],
      "bindingVariable" : "$x",
      "sparql" : "(bgp (triple ?subjOfProp <http://dbpedia.org/ontology/museum> ?objOfProp))\n",
      "bindingType" : "subjOfProp",
      "returnType" : "objOfProp"
    }, {
      "grammarRuleNo" : 2,
      "grammarRules" : [ "was stellte in ($x | Museum_NP) aus?" ],
      "bindingVariable" : "$x",
      "sparql" : "(bgp (triple ?subjOfProp <http://dbpedia.org/ontology/museum> ?objOfProp))\n",
      "bindingType" : "objOfProp",
      "returnType" : "subjOfProp"
    } ]
  }, {
    "id" : 4,
    "Entry" : "befinden",
    "syntacticFrame" : "IPP",
    "rules" : [ {
      "grammarRuleNo" : 1,
      "grammarRules" : [ "in welchem Land befindet ($x | Lake_NP)?", "in welchem Land ist ($x | Lake_NP) befunden?", "in welchem Land ist ($x | Lake_NP)?", "in welchen Länder befinden ($x | Lake_NP)?", "in welchen Länder sind ($x | Lake_NP) befunden?" ],
      "bindingVariable" : "$x",
      "sparql" : "(bgp (triple ?subjOfProp <http://dbpedia.org/ontology/country> ?objOfProp))\n",
      "bindingType" : "subjOfProp",
      "returnType" : "objOfProp"
    }, {
      "grammarRuleNo" : 2,
      "grammarRules" : [ "was befinden in ($x | Country_NP)?" ],
      "bindingVariable" : "$x",
      "sparql" : "(bgp (triple ?subjOfProp <http://dbpedia.org/ontology/country> ?objOfProp))\n",
      "bindingType" : "objOfProp",
      "returnType" : "subjOfProp"
    } ]
  }, {
    "id" : 5,
    "Entry" : "bezahlen_mit",
    "syntacticFrame" : "IPP",
    "rules" : [ {
      "grammarRuleNo" : 1,
      "grammarRules" : [ "Wo bezahlt ($x | Location_NP)?", "Wo ist ($x | Location_NP)?", "mit welchen Währungen bezahlen ($x | Location_NP)?", "mit welchen Währungen sind ($x | Location_NP) bezahlt?", "mit welcher Währung bezahlt ($x | Location_NP)?", "mit welcher Währung ist ($x | Location_NP) bezahlt?" ],
      "bindingVariable" : "$x",
      "sparql" : "(bgp (triple ?subjOfProp <http://dbpedia.org/ontology/currency> ?objOfProp))\n",
      "bindingType" : "subjOfProp",
      "returnType" : "objOfProp"
    }, {
      "grammarRuleNo" : 2,
      "grammarRules" : [ "mit was bezahlt ($x | Location_NP)?", "mit welchen Lagen werden ($x | Location_NP) bezahlt?", "mit welcher Lage wird ($x | Location_NP) bezahlt?", "was bezahlen mit ($x | Currency_NP)?", "welche Lage bezahlt mit ($x | Currency_NP)?", "welche Lagen bezahlen mit ($x | Currency_NP)?" ],
      "bindingVariable" : "$x",
      "sparql" : "(bgp (triple ?subjOfProp <http://dbpedia.org/ontology/currency> ?objOfProp))\n",
      "bindingType" : "objOfProp",
      "returnType" : "subjOfProp"
    } ]
  }, {
    "id" : 6,
    "Entry" : "durchführen",
    "syntacticFrame" : "IPP",
    "rules" : [ {
      "grammarRuleNo" : 1,
      "grammarRules" : [ "Wann führte ($x | MilitaryConflict_NP) durch?", "Wann wurde ($x | MilitaryConflict_NP) durchgeführt?" ],
      "bindingVariable" : "$x",
      "sparql" : "(bgp (triple ?subjOfProp <http://dbpedia.org/ontology/date> ?objOfProp))\n",
      "bindingType" : "subjOfProp",
      "returnType" : "objOfProp"
    }, {
      "grammarRuleNo" : 2,
      "grammarRules" : [ "was wurde am ($x | date_NP) durchgeführt?" ],
      "bindingVariable" : "$x",
      "sparql" : "(bgp (triple ?subjOfProp <http://dbpedia.org/ontology/date> ?objOfProp))\n",
      "bindingType" : "objOfProp",
      "returnType" : "subjOfProp"
    } ]
  }, {
    "id" : 7,
    "Entry" : "enden",
    "syntacticFrame" : "IPP",
    "rules" : [ {
      "grammarRuleNo" : 1,
      "grammarRules" : [ "Wann endete ($x | Country_NP)?", "Wann wurde ($x | Country_NP) geendet?" ],
      "bindingVariable" : "$x",
      "sparql" : "(bgp (triple ?subjOfProp <http://dbpedia.org/ontology/dissolutionDate> ?objOfProp))\n",
      "bindingType" : "subjOfProp",
      "returnType" : "objOfProp"
    }, {
      "grammarRuleNo" : 2,
      "grammarRules" : [ "was wurde am ($x | date_NP) geendet?", "welche Land wurde am ($x | date_NP) geendet?" ],
      "bindingVariable" : "$x",
      "sparql" : "(bgp (triple ?subjOfProp <http://dbpedia.org/ontology/dissolutionDate> ?objOfProp))\n",
      "bindingType" : "objOfProp",
      "returnType" : "subjOfProp"
    } ]
  }, {
    "id" : 8,
    "Entry" : "entspringen",
    "syntacticFrame" : "IPP",
    "rules" : [ {
      "grammarRuleNo" : 1,
      "grammarRules" : [ "Wo entspringt ($x | River_NP)?", "Wo ist ($x | River_NP)?", "in welchen Lagen entspringen ($x | River_NP)?", "in welchen Lagen sind ($x | River_NP) entsprungen?", "in welcher Lage entspringt ($x | River_NP)?", "in welcher Lage ist ($x | River_NP) entsprungen?" ],
      "bindingVariable" : "$x",
      "sparql" : "(bgp (triple ?subjOfProp <http://dbpedia.org/property/mouthLocation> ?objOfProp))\n",
      "bindingType" : "subjOfProp",
      "returnType" : "objOfProp"
    }, {
      "grammarRuleNo" : 2,
      "grammarRules" : [ "in was entspringt ($x | River_NP)?", "was entspringen in ($x | Place_NP)?" ],
      "bindingVariable" : "$x",
      "sparql" : "(bgp (triple ?subjOfProp <http://dbpedia.org/property/mouthLocation> ?objOfProp))\n",
      "bindingType" : "objOfProp",
      "returnType" : "subjOfProp"
    } ]
  }, {
    "id" : 9,
    "Entry" : "fertigstellen_in",
    "syntacticFrame" : "IPP",
    "rules" : [ {
      "grammarRuleNo" : 1,
      "grammarRules" : [ "Wann stellte ($x | Ship_NP) fertig?", "Wann wurde ($x | Ship_NP) fertiggestellt?" ],
      "bindingVariable" : "$x",
      "sparql" : "(bgp (triple ?subjOfProp <http://dbpedia.org/ontology/completionDate> ?objOfProp))\n",
      "bindingType" : "subjOfProp",
      "returnType" : "objOfProp"
    }, {
      "grammarRuleNo" : 2,
      "grammarRules" : [ "was wurde in ($x | date_NP) fertiggestellt?" ],
      "bindingVariable" : "$x",
      "sparql" : "(bgp (triple ?subjOfProp <http://dbpedia.org/ontology/completionDate> ?objOfProp))\n",
      "bindingType" : "objOfProp",
      "returnType" : "subjOfProp"
    } ]
  }, {
    "id" : 10,
    "Entry" : "fliessen_durch_1",
    "syntacticFrame" : "IPP",
    "rules" : [ {
      "grammarRuleNo" : 1,
      "grammarRules" : [ "Wo fließt ($x | River_NP)?", "Wo ist ($x | River_NP)?", "durch welche Stadt fließt ($x | River_NP)?", "durch welche Stadt ist ($x | River_NP) geflossen?", "durch welche Städte fließen ($x | River_NP)?", "durch welche Städte sind ($x | River_NP) geflossen?" ],
      "bindingVariable" : "$x",
      "sparql" : "(bgp (triple ?subjOfProp <http://dbpedia.org/ontology/city> ?objOfProp))\n",
      "bindingType" : "subjOfProp",
      "returnType" : "objOfProp"
    }, {
      "grammarRuleNo" : 2,
      "grammarRules" : [ "durch was fließt ($x | River_NP)?", "was fließen durch ($x | City_NP)?" ],
      "bindingVariable" : "$x",
      "sparql" : "(bgp (triple ?subjOfProp <http://dbpedia.org/ontology/city> ?objOfProp))\n",
      "bindingType" : "objOfProp",
      "returnType" : "subjOfProp"
    } ]
  }, {
    "id" : 11,
    "Entry" : "fliessen_durch_2",
    "syntacticFrame" : "IPP",
    "rules" : [ {
      "grammarRuleNo" : 1,
      "grammarRules" : [ "Wo fließt ($x | River_NP)?", "Wo ist ($x | River_NP)?", "durch welche Länder fließen ($x | River_NP)?", "durch welche Länder sind ($x | River_NP) geflossen?", "durch welches Land fließt ($x | River_NP)?", "durch welches Land ist ($x | River_NP) geflossen?" ],
      "bindingVariable" : "$x",
      "sparql" : "(bgp (triple ?subjOfProp <http://dbpedia.org/property/country> ?objOfProp))\n",
      "bindingType" : "subjOfProp",
      "returnType" : "objOfProp"
    }, {
      "grammarRuleNo" : 2,
      "grammarRules" : [ "durch was fließt ($x | River_NP)?", "was fließen durch ($x | Country_NP)?" ],
      "bindingVariable" : "$x",
      "sparql" : "(bgp (triple ?subjOfProp <http://dbpedia.org/property/country> ?objOfProp))\n",
      "bindingType" : "objOfProp",
      "returnType" : "subjOfProp"
    } ]
  }, {
    "id" : 12,
    "Entry" : "geborn_am_1",
    "syntacticFrame" : "IPP",
    "rules" : [ {
      "grammarRuleNo" : 1,
      "grammarRules" : [ "Wann ist ($x | Person_NP) geboren?", "Wann wurde ($x | Person_NP) geboren?" ],
      "bindingVariable" : "$x",
      "sparql" : "(bgp (triple ?subjOfProp <http://dbpedia.org/ontology/birthYear> ?objOfProp))\n",
      "bindingType" : "subjOfProp",
      "returnType" : "objOfProp"
    }, {
      "grammarRuleNo" : 2,
      "grammarRules" : [ "welche Person wurde ($x | date_NP) geboren?", "wer ist am ($x | date_NP) geboren?" ],
      "bindingVariable" : "$x",
      "sparql" : "(bgp (triple ?subjOfProp <http://dbpedia.org/ontology/birthYear> ?objOfProp))\n",
      "bindingType" : "objOfProp",
      "returnType" : "subjOfProp"
    } ]
  }, {
    "id" : 13,
    "Entry" : "geborn_in_1",
    "syntacticFrame" : "IPP",
    "rules" : [ {
      "grammarRuleNo" : 1,
      "grammarRules" : [ "Wo wurde ($x | Person_NP) geboren?", "in welcher Lage gebärt ($x | Person_NP)?", "in welcher Lage ist ($x | Person_NP) geboren?" ],
      "bindingVariable" : "$x",
      "sparql" : "(bgp (triple ?subjOfProp <http://dbpedia.org/ontology/birthPlace> ?objOfProp))\n",
      "bindingType" : "subjOfProp",
      "returnType" : "objOfProp"
    }, {
      "grammarRuleNo" : 2,
      "grammarRules" : [ "welche Person wurde in ($x | Place_NP) geboren?", "wer ist in ($x | Place_NP) geboren?" ],
      "bindingVariable" : "$x",
      "sparql" : "(bgp (triple ?subjOfProp <http://dbpedia.org/ontology/birthPlace> ?objOfProp))\n",
      "bindingType" : "objOfProp",
      "returnType" : "subjOfProp"
    } ]
  }, {
    "id" : 14,
    "Entry" : "geborn_in_2",
    "syntacticFrame" : "IPP",
    "rules" : [ {
      "grammarRuleNo" : 1,
      "grammarRules" : [ "Wo wurde ($x | Person_NP) geboren?", "in welcher Stadt gebärt ($x | Person_NP)?", "in welcher Stadt ist ($x | Person_NP) geboren?" ],
      "bindingVariable" : "$x",
      "sparql" : "(bgp (triple ?subjOfProp <http://dbpedia.org/ontology/birthPlace> ?objOfProp))\n",
      "bindingType" : "subjOfProp",
      "returnType" : "objOfProp"
    }, {
      "grammarRuleNo" : 2,
      "grammarRules" : [ "welche Person wurde in ($x | City_NP) geboren?", "wer ist in ($x | City_NP) geboren?" ],
      "bindingVariable" : "$x",
      "sparql" : "(bgp (triple ?subjOfProp <http://dbpedia.org/ontology/birthPlace> ?objOfProp))\n",
      "bindingType" : "objOfProp",
      "returnType" : "subjOfProp"
    } ]
  }, {
    "id" : 15,
    "Entry" : "geborn_in_3",
    "syntacticFrame" : "IPP",
    "rules" : [ {
      "grammarRuleNo" : 1,
      "grammarRules" : [ "Wo wurde ($x | Person_NP) geboren?", "in welchem Land gebärt ($x | Person_NP)?", "in welchem Land ist ($x | Person_NP) geboren?" ],
      "bindingVariable" : "$x",
      "sparql" : "(bgp (triple ?subjOfProp <http://dbpedia.org/ontology/birthPlace> ?objOfProp))\n",
      "bindingType" : "subjOfProp",
      "returnType" : "objOfProp"
    }, {
      "grammarRuleNo" : 2,
      "grammarRules" : [ "welche Person wurde in ($x | Country_NP) geboren?", "wer ist in ($x | Country_NP) geboren?" ],
      "bindingVariable" : "$x",
      "sparql" : "(bgp (triple ?subjOfProp <http://dbpedia.org/ontology/birthPlace> ?objOfProp))\n",
      "bindingType" : "objOfProp",
      "returnType" : "subjOfProp"
    } ]
  }, {
    "id" : 16,
    "Entry" : "geborn_in_4",
    "syntacticFrame" : "IPP",
    "rules" : [ {
      "grammarRuleNo" : 1,
      "grammarRules" : [ "Wo wurde ($x | Actor_NP) geboren?", "in welchem Land gebärt ($x | Actor_NP)?", "in welchem Land ist ($x | Actor_NP) geboren?" ],
      "bindingVariable" : "$x",
      "sparql" : "(bgp (triple ?subjOfProp <http://dbpedia.org/ontology/birthPlace> ?objOfProp))\n",
      "bindingType" : "subjOfProp",
      "returnType" : "objOfProp"
    }, {
      "grammarRuleNo" : 2,
      "grammarRules" : [ "wer ist in ($x | Country_NP) geboren?" ],
      "bindingVariable" : "$x",
      "sparql" : "(bgp (triple ?subjOfProp <http://dbpedia.org/ontology/birthPlace> ?objOfProp))\n",
      "bindingType" : "objOfProp",
      "returnType" : "subjOfProp"
    } ]
  }, {
    "id" : 17,
    "Entry" : "geborn_in_5",
    "syntacticFrame" : "IPP",
    "rules" : [ {
      "grammarRuleNo" : 1,
      "grammarRules" : [ "Wo wurde ($x | Surfer_NP) geboren?", "in welchem Land gebärt ($x | Surfer_NP)?", "in welchem Land ist ($x | Surfer_NP) geboren?" ],
      "bindingVariable" : "$x",
      "sparql" : "(bgp (triple ?subjOfProp <http://dbpedia.org/ontology/birthPlace> ?objOfProp))\n",
      "bindingType" : "subjOfProp",
      "returnType" : "objOfProp"
    }, {
      "grammarRuleNo" : 2,
      "grammarRules" : [ "wer ist in ($x | Country_NP) geboren?" ],
      "bindingVariable" : "$x",
      "sparql" : "(bgp (triple ?subjOfProp <http://dbpedia.org/ontology/birthPlace> ?objOfProp))\n",
      "bindingType" : "objOfProp",
      "returnType" : "subjOfProp"
    } ]
  }, {
    "id" : 18,
    "Entry" : "gestorben_am",
    "syntacticFrame" : "IPP",
    "rules" : [ {
      "grammarRuleNo" : 1,
      "grammarRules" : [ "Wann ist ($x | Person_NP) gestorben?", "Wann wurde ($x | Person_NP) gestorben?" ],
      "bindingVariable" : "$x",
      "sparql" : "(bgp (triple ?subjOfProp <http://dbpedia.org/ontology/deathDate> ?objOfProp))\n",
      "bindingType" : "subjOfProp",
      "returnType" : "objOfProp"
    }, {
      "grammarRuleNo" : 2,
      "grammarRules" : [ "welche Person wurde ($x | date_NP) gestorben?", "wer ist am ($x | date_NP) gestorben?" ],
      "bindingVariable" : "$x",
      "sparql" : "(bgp (triple ?subjOfProp <http://dbpedia.org/ontology/deathDate> ?objOfProp))\n",
      "bindingType" : "objOfProp",
      "returnType" : "subjOfProp"
    } ]
  }, {
    "id" : 19,
    "Entry" : "gestorben_an",
    "syntacticFrame" : "IPP",
    "rules" : [ {
      "grammarRuleNo" : 1,
      "grammarRules" : [ "an was ist ($x | Person_NP) gestorben?", "woran ist ($x | Person_NP) gestorben?" ],
      "bindingVariable" : "$x",
      "sparql" : "(bgp (triple ?subjOfProp <http://dbpedia.org/ontology/deathCause> ?objOfProp))\n",
      "bindingType" : "subjOfProp",
      "returnType" : "objOfProp"
    }, {
      "grammarRuleNo" : 2,
      "grammarRules" : [ "wer ist an ($x | Disease_NP) gestorben?", "wer war an ($x | Disease_NP) gestorben?" ],
      "bindingVariable" : "$x",
      "sparql" : "(bgp (triple ?subjOfProp <http://dbpedia.org/ontology/deathCause> ?objOfProp))\n",
      "bindingType" : "objOfProp",
      "returnType" : "subjOfProp"
    } ]
  }, {
    "id" : 20,
    "Entry" : "gestorben_in",
    "syntacticFrame" : "IPP",
    "rules" : [ {
      "grammarRuleNo" : 1,
      "grammarRules" : [ "Wo wurde ($x | City_NP) gestorben?", "in welcher Stadt ist ($x | City_NP) gestorben?", "in welcher Stadt stirbt ($x | City_NP)?" ],
      "bindingVariable" : "$x",
      "sparql" : "(bgp (triple ?subjOfProp <http://dbpedia.org/ontology/deathPlace> ?objOfProp))\n",
      "bindingType" : "objOfProp",
      "returnType" : "subjOfProp"
    }, {
      "grammarRuleNo" : 2,
      "grammarRules" : [ "was ist in ($x | Person_NP) gestorben?", "welche Person wurde in ($x | Person_NP) gestorben?" ],
      "bindingVariable" : "$x",
      "sparql" : "(bgp (triple ?subjOfProp <http://dbpedia.org/ontology/deathPlace> ?objOfProp))\n",
      "bindingType" : "subjOfProp",
      "returnType" : "objOfProp"
    } ]
  }, {
    "id" : 21,
    "Entry" : "leben_in_3",
    "syntacticFrame" : "IPP",
    "rules" : [ {
      "grammarRuleNo" : 1,
      "grammarRules" : [ ],
      "bindingVariable" : "$x",
      "sparql" : "(bgp (triple ?subjOfProp <http://dbpedia.org/ontology/populationTotal> ?objOfProp))\n",
      "bindingType" : "subjOfProp",
      "returnType" : "objOfProp"
    }, {
      "grammarRuleNo" : 2,
      "grammarRules" : [ "welche Land hat ($x | Number_NP) gelebt?" ],
      "bindingVariable" : "$x",
      "sparql" : "(bgp (triple ?subjOfProp <http://dbpedia.org/ontology/populationTotal> ?objOfProp))\n",
      "bindingType" : "objOfProp",
      "returnType" : "subjOfProp"
    } ]
  }, {
    "id" : 22,
    "Entry" : "leben_in_4",
    "syntacticFrame" : "IPP",
    "rules" : [ {
      "grammarRuleNo" : 1,
      "grammarRules" : [ ],
      "bindingVariable" : "$x",
      "sparql" : "(bgp (triple ?subjOfProp <http://dbpedia.org/ontology/populationTotal> ?objOfProp))\n",
      "bindingType" : "subjOfProp",
      "returnType" : "objOfProp"
    }, {
      "grammarRuleNo" : 2,
      "grammarRules" : [ "welche Stadt hat ($x | Number_NP) gelebt?" ],
      "bindingVariable" : "$x",
      "sparql" : "(bgp (triple ?subjOfProp <http://dbpedia.org/ontology/populationTotal> ?objOfProp))\n",
      "bindingType" : "objOfProp",
      "returnType" : "subjOfProp"
    } ]
  }, {
    "id" : 23,
    "Entry" : "liegen_1",
    "syntacticFrame" : "IPP",
    "rules" : [ {
      "grammarRuleNo" : 1,
      "grammarRules" : [ "in welchem Land ist ($x | City_NP) gelegen?", "in welchem Land ist ($x | City_NP)?", "in welchem Land liegt ($x | City_NP)?", "in welchen Länder liegen ($x | City_NP)?", "in welchen Länder sind ($x | City_NP) gelegen?" ],
      "bindingVariable" : "$x",
      "sparql" : "(bgp (triple ?subjOfProp <http://dbpedia.org/ontology/country> ?objOfProp))\n",
      "bindingType" : "subjOfProp",
      "returnType" : "objOfProp"
    }, {
      "grammarRuleNo" : 2,
      "grammarRules" : [ "was liegen in ($x | Country_NP)?", "welche Stadt liegen in ($x | Country_NP)?", "welche Städte liegen in ($x | Country_NP)?" ],
      "bindingVariable" : "$x",
      "sparql" : "(bgp (triple ?subjOfProp <http://dbpedia.org/ontology/country> ?objOfProp))\n",
      "bindingType" : "objOfProp",
      "returnType" : "subjOfProp"
    } ]
  }, {
    "id" : 24,
    "Entry" : "liegen_2",
    "syntacticFrame" : "IPP",
    "rules" : [ {
      "grammarRuleNo" : 1,
      "grammarRules" : [ "Wo ist ($x | MilitaryUnit_NP)?", "Wo liegt ($x | MilitaryUnit_NP)?", "in welchen Lagen liegen ($x | MilitaryUnit_NP)?", "in welchen Lagen sind ($x | MilitaryUnit_NP) gelegen?", "in welcher Lage ist ($x | MilitaryUnit_NP) gelegen?", "in welcher Lage liegt ($x | MilitaryUnit_NP)?" ],
      "bindingVariable" : "$x",
      "sparql" : "(bgp (triple ?subjOfProp <http://dbpedia.org/property/location> ?objOfProp))\n",
      "bindingType" : "subjOfProp",
      "returnType" : "objOfProp"
    }, {
      "grammarRuleNo" : 2,
      "grammarRules" : [ "in was liegt ($x | MilitaryUnit_NP)?", "was liegen in ($x | Location_NP)?" ],
      "bindingVariable" : "$x",
      "sparql" : "(bgp (triple ?subjOfProp <http://dbpedia.org/property/location> ?objOfProp))\n",
      "bindingType" : "objOfProp",
      "returnType" : "subjOfProp"
    } ]
  }, {
    "id" : 25,
    "Entry" : "liegen_3",
    "syntacticFrame" : "IPP",
    "rules" : [ {
      "grammarRuleNo" : 1,
      "grammarRules" : [ "Wo ist ($x | HistoricPlace_NP)?", "Wo liegt ($x | HistoricPlace_NP)?", "in welchen Lagen liegen ($x | HistoricPlace_NP)?", "in welchen Lagen sind ($x | HistoricPlace_NP) gelegen?", "in welcher Lage ist ($x | HistoricPlace_NP) gelegen?", "in welcher Lage liegt ($x | HistoricPlace_NP)?" ],
      "bindingVariable" : "$x",
      "sparql" : "(bgp (triple ?subjOfProp <http://dbpedia.org/property/location> ?objOfProp))\n",
      "bindingType" : "subjOfProp",
      "returnType" : "objOfProp"
    }, {
      "grammarRuleNo" : 2,
      "grammarRules" : [ "in was liegt ($x | HistoricPlace_NP)?", "was liegen in ($x | Location_NP)?" ],
      "bindingVariable" : "$x",
      "sparql" : "(bgp (triple ?subjOfProp <http://dbpedia.org/property/location> ?objOfProp))\n",
      "bindingType" : "objOfProp",
      "returnType" : "subjOfProp"
    } ]
  }, {
    "id" : 26,
    "Entry" : "liegen_4",
    "syntacticFrame" : "IPP",
    "rules" : [ {
      "grammarRuleNo" : 1,
      "grammarRules" : [ "in welchem Land ist ($x | Lake_NP) gelegen?", "in welchem Land ist ($x | Lake_NP)?", "in welchem Land liegt ($x | Lake_NP)?", "in welchen Länder liegen ($x | Lake_NP)?", "in welchen Länder sind ($x | Lake_NP) gelegen?" ],
      "bindingVariable" : "$x",
      "sparql" : "(bgp (triple ?subjOfProp <http://dbpedia.org/ontology/country> ?objOfProp))\n",
      "bindingType" : "subjOfProp",
      "returnType" : "objOfProp"
    }, {
      "grammarRuleNo" : 2,
      "grammarRules" : [ "was liegen in ($x | Country_NP)?" ],
      "bindingVariable" : "$x",
      "sparql" : "(bgp (triple ?subjOfProp <http://dbpedia.org/ontology/country> ?objOfProp))\n",
      "bindingType" : "objOfProp",
      "returnType" : "subjOfProp"
    } ]
  }, {
    "id" : 27,
    "Entry" : "liegen_5",
    "syntacticFrame" : "IPP",
    "rules" : [ {
      "grammarRuleNo" : 1,
      "grammarRules" : [ "in welchem Land ist ($x | Mountain_NP) gelegen?", "in welchem Land ist ($x | Mountain_NP)?", "in welchem Land liegt ($x | Mountain_NP)?", "in welchen Länder liegen ($x | Mountain_NP)?", "in welchen Länder sind ($x | Mountain_NP) gelegen?" ],
      "bindingVariable" : "$x",
      "sparql" : "(bgp (triple ?subjOfProp <http://dbpedia.org/ontology/locatedInArea> ?objOfProp))\n",
      "bindingType" : "subjOfProp",
      "returnType" : "objOfProp"
    }, {
      "grammarRuleNo" : 2,
      "grammarRules" : [ "was liegen in ($x | Country_NP)?", "welche Berg liegen in ($x | Country_NP)?", "welche Berge liegen in ($x | Country_NP)?" ],
      "bindingVariable" : "$x",
      "sparql" : "(bgp (triple ?subjOfProp <http://dbpedia.org/ontology/locatedInArea> ?objOfProp))\n",
      "bindingType" : "objOfProp",
      "returnType" : "subjOfProp"
    } ]
  }, {
    "id" : 28,
    "Entry" : "mitspielen",
    "syntacticFrame" : "IPP",
    "rules" : [ {
      "grammarRuleNo" : 1,
      "grammarRules" : [ "Wo ist ($x | Film_NP)?", "Wo spielt mit ($x | Film_NP)?", "in  Person ist ($x | Film_NP) mitgespielt?", "in  Person spielt mit ($x | Film_NP)?", "in  Personen mitspiele ($x | Film_NP)?", "in  Personen sind ($x | Film_NP) mitgespielt?" ],
      "bindingVariable" : "$x",
      "sparql" : "(bgp (triple ?subjOfProp <http://dbpedia.org/ontology/starring> ?objOfProp))\n",
      "bindingType" : "subjOfProp",
      "returnType" : "objOfProp"
    }, {
      "grammarRuleNo" : 2,
      "grammarRules" : [ "in was spielt mit ($x | Film_NP)?", "was mitspiele in ($x | Person_NP)?" ],
      "bindingVariable" : "$x",
      "sparql" : "(bgp (triple ?subjOfProp <http://dbpedia.org/ontology/starring> ?objOfProp))\n",
      "bindingType" : "objOfProp",
      "returnType" : "subjOfProp"
    } ]
  }, {
    "id" : 29,
    "Entry" : "nennen",
    "syntacticFrame" : "IPP",
    "rules" : [ {
      "grammarRuleNo" : 1,
      "grammarRules" : [ "in was ist ($x | Person_NP) genannt?", "woran ist ($x | Person_NP) genannt?" ],
      "bindingVariable" : "$x",
      "sparql" : "(bgp (triple ?subjOfProp <http://dbpedia.org/property/nickname> ?objOfProp))\n",
      "bindingType" : "subjOfProp",
      "returnType" : "objOfProp"
    }, {
      "grammarRuleNo" : 2,
      "grammarRules" : [ "wer ist in ($x | Thing_NP) genannt?", "wer war in ($x | Thing_NP) genannt?" ],
      "bindingVariable" : "$x",
      "sparql" : "(bgp (triple ?subjOfProp <http://dbpedia.org/property/nickname> ?objOfProp))\n",
      "bindingType" : "objOfProp",
      "returnType" : "subjOfProp"
    } ]
  }, {
    "id" : 30,
    "Entry" : "schreiben_in",
    "syntacticFrame" : "IPP",
    "rules" : [ {
      "grammarRuleNo" : 1,
      "grammarRules" : [ "Wo ist ($x | Software_NP)?", "Wo schreibt ($x | Software_NP)?", "in welchen Sprachen schreiben ($x | Software_NP)?", "in welchen Sprachen sind ($x | Software_NP) geschrieben?", "in welcher Sprache ist ($x | Software_NP) geschrieben?", "in welcher Sprache schreibt ($x | Software_NP)?" ],
      "bindingVariable" : "$x",
      "sparql" : "(bgp (triple ?subjOfProp <http://dbpedia.org/ontology/programmingLanguage> ?objOfProp))\n",
      "bindingType" : "subjOfProp",
      "returnType" : "objOfProp"
    }, {
      "grammarRuleNo" : 2,
      "grammarRules" : [ "in was schreibt ($x | Software_NP)?", "in welchen Software werden ($x | Software_NP) geschrieben?", "in welcher Software wird ($x | Software_NP) geschrieben?", "was schreiben in ($x | Language_NP)?", "welche Software schreiben in ($x | Language_NP)?", "welche Software schreibt in ($x | Language_NP)?" ],
      "bindingVariable" : "$x",
      "sparql" : "(bgp (triple ?subjOfProp <http://dbpedia.org/ontology/programmingLanguage> ?objOfProp))\n",
      "bindingType" : "objOfProp",
      "returnType" : "subjOfProp"
    } ]
  }, {
    "id" : 31,
    "Entry" : "sprechen",
    "syntacticFrame" : "IPP",
    "rules" : [ {
      "grammarRuleNo" : 1,
      "grammarRules" : [ "Wo ist ($x | Location_NP)?", "Wo spricht ($x | Location_NP)?", "in welchen Sprachen sind ($x | Location_NP) gesprochen?", "in welchen Sprachen sprechen ($x | Location_NP)?", "in welcher Sprache ist ($x | Location_NP) gesprochen?", "in welcher Sprache spricht ($x | Location_NP)?" ],
      "bindingVariable" : "$x",
      "sparql" : "(bgp (triple ?subjOfProp <http://dbpedia.org/ontology/language> ?objOfProp))\n",
      "bindingType" : "subjOfProp",
      "returnType" : "objOfProp"
    }, {
      "grammarRuleNo" : 2,
      "grammarRules" : [ "in was spricht ($x | Location_NP)?", "in welchen Lagen werden ($x | Location_NP) gesprochen?", "in welcher Lage wird ($x | Location_NP) gesprochen?", "was sprechen in ($x | Language_NP)?", "welche Lage spricht in ($x | Language_NP)?", "welche Lagen sprechen in ($x | Language_NP)?" ],
      "bindingVariable" : "$x",
      "sparql" : "(bgp (triple ?subjOfProp <http://dbpedia.org/ontology/language> ?objOfProp))\n",
      "bindingType" : "objOfProp",
      "returnType" : "subjOfProp"
    }, {
      "grammarRuleNo" : 3,
      "grammarRules" : [ "Wo ist ($x | Country_NP)?", "Wo spricht ($x | Country_NP)?", "in welchen Sprachen sind ($x | Country_NP) gesprochen?", "in welchen Sprachen sprechen ($x | Country_NP)?", "in welcher Sprache ist ($x | Country_NP) gesprochen?", "in welcher Sprache spricht ($x | Country_NP)?" ],
      "bindingVariable" : "$x",
      "sparql" : "(bgp (triple ?subjOfProp <http://dbpedia.org/ontology/language> ?objOfProp))\n",
      "bindingType" : "subjOfProp",
      "returnType" : "objOfProp"
    }, {
      "grammarRuleNo" : 4,
      "grammarRules" : [ "in was spricht ($x | Country_NP)?", "in welchem Land wird ($x | Country_NP) gesprochen?", "in welchen Länder werden ($x | Country_NP) gesprochen?", "was sprechen in ($x | Language_NP)?", "welche Land spricht in ($x | Language_NP)?", "welche Länder sprechen in ($x | Language_NP)?" ],
      "bindingVariable" : "$x",
      "sparql" : "(bgp (triple ?subjOfProp <http://dbpedia.org/ontology/language> ?objOfProp))\n",
      "bindingType" : "objOfProp",
      "returnType" : "subjOfProp"
    } ]
  }, {
    "id" : 32,
    "Entry" : "stattfinden",
    "syntacticFrame" : "IPP",
    "rules" : [ {
      "grammarRuleNo" : 1,
      "grammarRules" : [ "Wann fand ($x | MilitaryConflict_NP) statt?", "Wann wurde ($x | MilitaryConflict_NP) stattgefunden?" ],
      "bindingVariable" : "$x",
      "sparql" : "(bgp (triple ?subjOfProp <http://dbpedia.org/property/date> ?objOfProp))\n",
      "bindingType" : "subjOfProp",
      "returnType" : "objOfProp"
    }, {
      "grammarRuleNo" : 2,
      "grammarRules" : [ "was wurde am ($x | date_NP) stattgefunden?" ],
      "bindingVariable" : "$x",
      "sparql" : "(bgp (triple ?subjOfProp <http://dbpedia.org/property/date> ?objOfProp))\n",
      "bindingType" : "objOfProp",
      "returnType" : "subjOfProp"
    } ]
  }, {
    "id" : 33,
    "Entry" : "stehen_1",
    "syntacticFrame" : "IPP",
    "rules" : [ {
      "grammarRuleNo" : 1,
      "grammarRules" : [ "Wo ist ($x | Thing_NP)?", "Wo steht ($x | Thing_NP)?" ],
      "bindingVariable" : "$x",
      "sparql" : "(bgp (triple ?subjOfProp <http://dbpedia.org/ontology/abbreviation> ?objOfProp))\n",
      "bindingType" : "subjOfProp",
      "returnType" : "objOfProp"
    }, {
      "grammarRuleNo" : 2,
      "grammarRules" : [ "fuer was steht ($x | Thing_NP)?", "was stehen fuer ($x | Thing_NP)?" ],
      "bindingVariable" : "$x",
      "sparql" : "(bgp (triple ?subjOfProp <http://dbpedia.org/ontology/abbreviation> ?objOfProp))\n",
      "bindingType" : "objOfProp",
      "returnType" : "subjOfProp"
    } ]
  }, {
    "id" : 34,
    "Entry" : "stehen_2",
    "syntacticFrame" : "IPP",
    "rules" : [ {
      "grammarRuleNo" : 1,
      "grammarRules" : [ "Wo ist ($x | Colour_NP)?", "Wo steht ($x | Colour_NP)?" ],
      "bindingVariable" : "$x",
      "sparql" : "(bgp (triple ?subjOfProp <http://dbpedia.org/ontology/connotation> ?objOfProp))\n",
      "bindingType" : "subjOfProp",
      "returnType" : "objOfProp"
    }, {
      "grammarRuleNo" : 2,
      "grammarRules" : [ "fuer was steht ($x | Colour_NP)?", "was stehen fuer ($x | Thing_NP)?" ],
      "bindingVariable" : "$x",
      "sparql" : "(bgp (triple ?subjOfProp <http://dbpedia.org/ontology/connotation> ?objOfProp))\n",
      "bindingType" : "objOfProp",
      "returnType" : "subjOfProp"
    } ]
  }, {
    "id" : 35,
    "Entry" : "unknown_0",
    "syntacticFrame" : "FULL_DATASET",
    "rules" : [ {
      "grammarRuleNo" : 1,
      "grammarRules" : [ "Where is $x located?" ],
      "bindingVariable" : "$x",
      "sparql" : "(join\n  (union\n    (bgp (triple ?subjOfProp <http://dbpedia.org/ontology/country> ?objOfProp))\n    (bgp (triple ?subjOfProp <http://dbpedia.org/ontology/location> ?objOfProp)))\n  (bgp\n    (triple ?objOfProp <http://www.w3.org/1999/02/22-rdf-syntax-ns#type> <http://dbpedia.org/ontology/Location>)\n    (triple ?subjOfProp <http://www.w3.org/1999/02/22-rdf-syntax-ns#type> <http://dbpedia.org/ontology/Location>)\n  ))\n",
      "bindingType" : "subjOfProp",
      "returnType" : "objOfProp"
    } ]
  }, {
    "id" : 36,
    "Entry" : "verheiraten_mit",
    "syntacticFrame" : "IPP",
    "rules" : [ {
      "grammarRuleNo" : 1,
      "grammarRules" : [ "welche Person ist mit ($x | Person_NP) verheiratet?", "welche Person war mit ($x | Person_NP) verheiratet?", "wer ist mit ($x | Person_NP) verheiratet?", "wer war mit ($x | Person_NP) verheiratet?" ],
      "bindingVariable" : "$x",
      "sparql" : "(bgp (triple ?subjOfProp <http://dbpedia.org/ontology/spouse> ?objOfProp))\n",
      "bindingType" : "subjOfProp",
      "returnType" : "objOfProp"
    }, {
      "grammarRuleNo" : 2,
      "grammarRules" : [ ],
      "bindingVariable" : "$x",
      "sparql" : "(bgp (triple ?subjOfProp <http://dbpedia.org/ontology/spouse> ?objOfProp))\n",
      "bindingType" : "objOfProp",
      "returnType" : "subjOfProp"
    } ]
  }, {
    "id" : 37,
    "Entry" : "wachsen_in_1",
    "syntacticFrame" : "IPP",
    "rules" : [ {
      "grammarRuleNo" : 1,
      "grammarRules" : [ "Wo ist ($x | WineRegion_NP)?", "Wo wächst ($x | WineRegion_NP)?" ],
      "bindingVariable" : "$x",
      "sparql" : "(bgp (triple ?subjOfProp <http://dbpedia.org/ontology/growingGrape> ?objOfProp))\n",
      "bindingType" : "subjOfProp",
      "returnType" : "objOfProp"
    }, {
      "grammarRuleNo" : 2,
      "grammarRules" : [ "in was wächst ($x | Grape_NP)?", "was wachsen in ($x | Grape_NP)?" ],
      "bindingVariable" : "$x",
      "sparql" : "(bgp (triple ?subjOfProp <http://dbpedia.org/ontology/growingGrape> ?objOfProp))\n",
      "bindingType" : "objOfProp",
      "returnType" : "subjOfProp"
    } ]
  }, {
    "id" : 38,
    "Entry" : "wachsen_in_2",
    "syntacticFrame" : "IPP",
    "rules" : [ {
      "grammarRuleNo" : 1,
      "grammarRules" : [ "Wo ist ($x | WineRegion_NP)?", "Wo wächst ($x | WineRegion_NP)?" ],
      "bindingVariable" : "$x",
      "sparql" : "(bgp (triple ?subjOfProp <http://dbpedia.org/ontology/wineRegion> ?objOfProp))\n",
      "bindingType" : "objOfProp",
      "returnType" : "subjOfProp"
    }, {
      "grammarRuleNo" : 2,
      "grammarRules" : [ "in was wächst ($x | WineRegion_NP)?", "was wachsen in ($x | Grape_NP)?" ],
      "bindingVariable" : "$x",
      "sparql" : "(bgp (triple ?subjOfProp <http://dbpedia.org/ontology/wineRegion> ?objOfProp))\n",
      "bindingType" : "subjOfProp",
      "returnType" : "objOfProp"
    } ]
  }, {
    "id" : 39,
    "Entry" : "wohnen_in",
    "syntacticFrame" : "IPP",
    "rules" : [ {
      "grammarRuleNo" : 1,
      "grammarRules" : [ "Wo wurde ($x | Person_NP) gewohnt?", "in welcher Stadt ist ($x | Person_NP) gewohnt?", "in welcher Stadt wohnt ($x | Person_NP)?" ],
      "bindingVariable" : "$x",
      "sparql" : "(bgp (triple ?subjOfProp <http://dbpedia.org/ontology/residence> ?objOfProp))\n",
      "bindingType" : "subjOfProp",
      "returnType" : "objOfProp"
    }, {
      "grammarRuleNo" : 2,
      "grammarRules" : [ "welche Person wurde in ($x | City_NP) gewohnt?", "wer ist in ($x | City_NP) gewohnt?" ],
      "bindingVariable" : "$x",
      "sparql" : "(bgp (triple ?subjOfProp <http://dbpedia.org/ontology/residence> ?objOfProp))\n",
      "bindingType" : "objOfProp",
      "returnType" : "subjOfProp"
    } ]
  }, {
    "id" : 40,
    "Entry" : "überspannen",
    "syntacticFrame" : "IPP",
    "rules" : [ {
      "grammarRuleNo" : 1,
      "grammarRules" : [ "Wo ist ($x | Bridge_NP)?", "Wo überspannt ($x | Bridge_NP)?" ],
      "bindingVariable" : "$x",
      "sparql" : "(bgp (triple ?subjOfProp <http://dbpedia.org/ontology/crosses> ?objOfProp))\n",
      "bindingType" : "subjOfProp",
      "returnType" : "objOfProp"
    }, {
      "grammarRuleNo" : 2,
      "grammarRules" : [ "in was überspannt ($x | Bridge_NP)?", "was überspannen in ($x | BodyOfWater_NP)?" ],
      "bindingVariable" : "$x",
      "sparql" : "(bgp (triple ?subjOfProp <http://dbpedia.org/ontology/crosses> ?objOfProp))\n",
      "bindingType" : "objOfProp",
      "returnType" : "subjOfProp"
    } ]
  } ]
}