{
  "grammarEntries" : [ {
    "id" : 1,
    "Entry" : "amtssprache_von",
    "syntacticFrame" : "NPP",
    "rules" : [ {
      "grammarRuleNo" : 1,
      "grammarRules" : [ "Gib mir  Amtssprache von ($x | Country_NP) ", "Gib mir  Amtssprachen von ($x | Country_NP) ", "Gib mir alle Amtssprachen von ($x | Country_NP) ", "Liste  Amtssprachen von ($x | Country_NP) auf ", "Liste alle Amtssprachen von ($x | Country_NP) auf ", "was ist  Amtssprache von ($x | Country_NP)? ", "was ist ($x | Country_NP) s Amtssprache? ", "was sind Amtssprachen von ($x | Country_NP)? ", "was war  Amtssprache von ($x | Country_NP)? ", "was waren Amtssprachen von ($x | Country_NP)? " ],
      "bindingVariable" : "$x",
      "sparql" : "(bgp (triple ?subjOfProp <http://dbpedia.org/ontology/officialLanguage> ?objOfProp))\n",
      "bindingType" : "subjOfProp",
      "returnType" : "objOfProp"
    }, {
      "grammarRuleNo" : 2,
      "grammarRules" : [ " Amtssprache von ($x | Country_NP)?" ],
      "bindingVariable" : "$x",
      "sparql" : "(bgp (triple ?subjOfProp <http://dbpedia.org/ontology/officialLanguage> ?objOfProp))\n",
      "bindingType" : "subjOfProp",
      "returnType" : "objOfProp"
    } ]
  }, {
    "id" : 2,
    "Entry" : "bandmitglieder_von",
    "syntacticFrame" : "NPP",
    "rules" : [ {
      "grammarRuleNo" : 1,
      "grammarRules" : [ " Personen sind  Bandmitglieder von ($x | Band_NP)? ", " Personen waren  Bandmitglieder von ($x | Band_NP)? ", "Gib mir  Bandmitglieder von ($x | Band_NP) ", "Gib mir alle Bandmitglieder von ($x | Band_NP) ", "Liste  Bandmitglieder von ($x | Band_NP) auf ", "Liste alle Bandmitglieder von ($x | Band_NP) auf ", "welche Person ist  Bandmitglieder von ($x | Band_NP)? ", "welche Person war  Bandmitglieder von ($x | Band_NP)? ", "wer ist  Bandmitglieder von ($x | Band_NP)? ", "wer ist ($x | Band_NP) s Bandmitglieder? ", "wer sind Bandmitglieder von ($x | Band_NP)? ", "wer war  Bandmitglieder von ($x | Band_NP)? ", "wer waren Bandmitglieder von ($x | Band_NP)? " ],
      "bindingVariable" : "$x",
      "sparql" : "(bgp (triple ?subjOfProp <http://dbpedia.org/ontology/bandMember> ?objOfProp))\n",
      "bindingType" : "subjOfProp",
      "returnType" : "objOfProp"
    }, {
      "grammarRuleNo" : 2,
      "grammarRules" : [ " Bandmitglieder von ($x | Band_NP)?" ],
      "bindingVariable" : "$x",
      "sparql" : "(bgp (triple ?subjOfProp <http://dbpedia.org/ontology/bandMember> ?objOfProp))\n",
      "bindingType" : "subjOfProp",
      "returnType" : "objOfProp"
    } ]
  }, {
    "id" : 3,
    "Entry" : "bürgermeister_von_1",
    "syntacticFrame" : "NPP",
    "rules" : [ {
      "grammarRuleNo" : 1,
      "grammarRules" : [ " Personen sind  Bürgermeister von ($x | City_NP)? ", " Personen waren  Bürgermeister von ($x | City_NP)? ", "Gib mir  Bürgermeister von ($x | City_NP) ", "welche Person ist  Bürgermeister von ($x | City_NP)? ", "welche Person war  Bürgermeister von ($x | City_NP)? ", "wer ist  Bürgermeister von ($x | City_NP)? ", "wer ist ($x | City_NP) s Bürgermeister? ", "wer war  Bürgermeister von ($x | City_NP)? " ],
      "bindingVariable" : "$x",
      "sparql" : "(bgp (triple ?subjOfProp <http://dbpedia.org/ontology/mayor> ?objOfProp))\n",
      "bindingType" : "subjOfProp",
      "returnType" : "objOfProp"
    }, {
      "grammarRuleNo" : 2,
      "grammarRules" : [ " Bürgermeister von ($x | City_NP)?" ],
      "bindingVariable" : "$x",
      "sparql" : "(bgp (triple ?subjOfProp <http://dbpedia.org/ontology/mayor> ?objOfProp))\n",
      "bindingType" : "subjOfProp",
      "returnType" : "objOfProp"
    } ]
  }, {
    "id" : 4,
    "Entry" : "bürgermeister_von_2",
    "syntacticFrame" : "NPP",
    "rules" : [ {
      "grammarRuleNo" : 1,
      "grammarRules" : [ " Personen sind  Bürgermeister von ($x | City_NP)? ", " Personen waren  Bürgermeister von ($x | City_NP)? ", "Gib mir  Bürgermeister von ($x | City_NP) ", "welche Person ist  Bürgermeister von ($x | City_NP)? ", "welche Person war  Bürgermeister von ($x | City_NP)? ", "wer ist  Bürgermeister von ($x | City_NP)? ", "wer ist ($x | City_NP) s Bürgermeister? ", "wer war  Bürgermeister von ($x | City_NP)? " ],
      "bindingVariable" : "$x",
      "sparql" : "(bgp (triple ?subjOfProp <http://dbpedia.org/ontology/leaderName> ?objOfProp))\n",
      "bindingType" : "subjOfProp",
      "returnType" : "objOfProp"
    }, {
      "grammarRuleNo" : 2,
      "grammarRules" : [ " Bürgermeister von ($x | City_NP)?" ],
      "bindingVariable" : "$x",
      "sparql" : "(bgp (triple ?subjOfProp <http://dbpedia.org/ontology/leaderName> ?objOfProp))\n",
      "bindingType" : "subjOfProp",
      "returnType" : "objOfProp"
    } ]
  }, {
    "id" : 5,
    "Entry" : "doktorvater_von",
    "syntacticFrame" : "NPP",
    "rules" : [ {
      "grammarRuleNo" : 1,
      "grammarRules" : [ " Personen sind  Doktorvater von ($x | Person_NP)? ", " Personen waren  Doktorvater von ($x | Person_NP)? ", "Gib mir  Doktorvater von ($x | Person_NP) ", "Gib mir  Doktorväter von ($x | Person_NP) ", "Gib mir alle Doktorväter von ($x | Person_NP) ", "Liste  Doktorväter von ($x | Person_NP) auf ", "Liste alle Doktorväter von ($x | Person_NP) auf ", "welche Person ist  Doktorvater von ($x | Person_NP)? ", "welche Person war  Doktorvater von ($x | Person_NP)? ", "wer ist  Doktorvater von ($x | Person_NP)? ", "wer ist ($x | Person_NP) s Doktorvater? ", "wer sind Doktorväter von ($x | Person_NP)? ", "wer war  Doktorvater von ($x | Person_NP)? ", "wer waren Doktorväter von ($x | Person_NP)? " ],
      "bindingVariable" : "$x",
      "sparql" : "(bgp (triple ?subjOfProp <http://dbpedia.org/ontology/doctoralAdvisor> ?objOfProp))\n",
      "bindingType" : "subjOfProp",
      "returnType" : "objOfProp"
    }, {
      "grammarRuleNo" : 2,
      "grammarRules" : [ " Doktorvater von ($x | Person_NP)?" ],
      "bindingVariable" : "$x",
      "sparql" : "(bgp (triple ?subjOfProp <http://dbpedia.org/ontology/doctoralAdvisor> ?objOfProp))\n",
      "bindingType" : "subjOfProp",
      "returnType" : "objOfProp"
    } ]
  }, {
    "id" : 6,
    "Entry" : "eltern_von",
    "syntacticFrame" : "NPP",
    "rules" : [ {
      "grammarRuleNo" : 1,
      "grammarRules" : [ " Personen sind  Enkel von ($x | Person_NP)? ", " Personen waren  Enkel von ($x | Person_NP)? ", "Gib mir  Enkel von ($x | Person_NP) ", "Gib mir alle Enkel von ($x | Person_NP) ", "Liste  Enkel von ($x | Person_NP) auf ", "Liste alle Enkel von ($x | Person_NP) auf ", "welche Person ist  Enkel von ($x | Person_NP)? ", "welche Person war  Enkel von ($x | Person_NP)? ", "wer ist  Enkel von ($x | Person_NP)? ", "wer ist ($x | Person_NP) s Enkel? ", "wer sind Enkel von ($x | Person_NP)? ", "wer war  Enkel von ($x | Person_NP)? ", "wer waren Enkel von ($x | Person_NP)? " ],
      "bindingVariable" : "$x",
      "sparql" : "(bgp (triple ?subjOfProp <http://dbpedia.org/ontology/parent> ?objOfProp))\n",
      "bindingType" : "subjOfProp",
      "returnType" : "objOfProp"
    }, {
      "grammarRuleNo" : 2,
      "grammarRules" : [ " Enkel von ($x | Person_NP)?" ],
      "bindingVariable" : "$x",
      "sparql" : "(bgp (triple ?subjOfProp <http://dbpedia.org/ontology/parent> ?objOfProp))\n",
      "bindingType" : "subjOfProp",
      "returnType" : "objOfProp"
    } ]
  }, {
    "id" : 7,
    "Entry" : "elternteil_of",
    "syntacticFrame" : "NPP",
    "rules" : [ {
      "grammarRuleNo" : 1,
      "grammarRules" : [ " Personen sind  Elternteil von ($x | Person_NP)? ", " Personen waren  Elternteil von ($x | Person_NP)? ", "Gib mir  Elternteil von ($x | Person_NP) ", "Gib mir  Elternteile von ($x | Person_NP) ", "Gib mir alle Elternteile von ($x | Person_NP) ", "Liste  Elternteile von ($x | Person_NP) auf ", "Liste alle Elternteile von ($x | Person_NP) auf ", "welche Person ist  Elternteil von ($x | Person_NP)? ", "welche Person war  Elternteil von ($x | Person_NP)? ", "wer ist  Elternteil von ($x | Person_NP)? ", "wer ist ($x | Person_NP) s Elternteil? ", "wer sind Elternteile von ($x | Person_NP)? ", "wer war  Elternteil von ($x | Person_NP)? ", "wer waren Elternteile von ($x | Person_NP)? " ],
      "bindingVariable" : "$x",
      "sparql" : "(bgp (triple ?subjOfProp <http://dbpedia.org/ontology/parent> ?objOfProp))\n",
      "bindingType" : "subjOfProp",
      "returnType" : "objOfProp"
    }, {
      "grammarRuleNo" : 2,
      "grammarRules" : [ " Elternteil von ($x | Person_NP)?" ],
      "bindingVariable" : "$x",
      "sparql" : "(bgp (triple ?subjOfProp <http://dbpedia.org/ontology/parent> ?objOfProp))\n",
      "bindingType" : "subjOfProp",
      "returnType" : "objOfProp"
    } ]
  }, {
    "id" : 8,
    "Entry" : "enkel_von",
    "syntacticFrame" : "NPP",
    "rules" : [ {
      "grammarRuleNo" : 1,
      "grammarRules" : [ " Personen sind  Enkel von ($x | Person_NP)? ", " Personen waren  Enkel von ($x | Person_NP)? ", "Gib mir  Enkel von ($x | Person_NP) ", "Gib mir alle Enkel von ($x | Person_NP) ", "Liste  Enkel von ($x | Person_NP) auf ", "Liste alle Enkel von ($x | Person_NP) auf ", "welche Person ist  Enkel von ($x | Person_NP)? ", "welche Person war  Enkel von ($x | Person_NP)? ", "wer ist  Enkel von ($x | Person_NP)? ", "wer ist ($x | Person_NP) s Enkel? ", "wer sind Enkel von ($x | Person_NP)? ", "wer war  Enkel von ($x | Person_NP)? ", "wer waren Enkel von ($x | Person_NP)? " ],
      "bindingVariable" : "$x",
      "sparql" : "(bgp (triple ?subjOfProp <http://dbpedia.org/ontology/parent> ?objOfProp))\n",
      "bindingType" : "subjOfProp",
      "returnType" : "objOfProp"
    }, {
      "grammarRuleNo" : 2,
      "grammarRules" : [ " Enkel von ($x | Person_NP)?" ],
      "bindingVariable" : "$x",
      "sparql" : "(bgp (triple ?subjOfProp <http://dbpedia.org/ontology/parent> ?objOfProp))\n",
      "bindingType" : "subjOfProp",
      "returnType" : "objOfProp"
    } ]
  }, {
    "id" : 9,
    "Entry" : "entwickler_von",
    "syntacticFrame" : "NPP",
    "rules" : [ {
      "grammarRuleNo" : 1,
      "grammarRules" : [ "Gib mir  Entwickler von ($x | Software_NP) ", "Gib mir alle Entwickler von ($x | Software_NP) ", "Liste  Entwickler von ($x | Software_NP) auf ", "Liste alle Entwickler von ($x | Software_NP) auf ", "wer ist  Entwickler von ($x | Software_NP)? ", "wer ist ($x | Software_NP) s Entwickler? ", "wer sind Entwickler von ($x | Software_NP)? ", "wer war  Entwickler von ($x | Software_NP)? ", "wer waren Entwickler von ($x | Software_NP)? " ],
      "bindingVariable" : "$x",
      "sparql" : "(bgp (triple ?subjOfProp <http://dbpedia.org/ontology/developer> ?objOfProp))\n",
      "bindingType" : "subjOfProp",
      "returnType" : "objOfProp"
    }, {
      "grammarRuleNo" : 2,
      "grammarRules" : [ " Entwickler von ($x | Software_NP)?" ],
      "bindingVariable" : "$x",
      "sparql" : "(bgp (triple ?subjOfProp <http://dbpedia.org/ontology/developer> ?objOfProp))\n",
      "bindingType" : "subjOfProp",
      "returnType" : "objOfProp"
    } ]
  }, {
    "id" : 10,
    "Entry" : "frau_von",
    "syntacticFrame" : "NPP",
    "rules" : [ {
      "grammarRuleNo" : 1,
      "grammarRules" : [ " Personen sind  Frau von ($x | Person_NP)? ", " Personen waren  Frau von ($x | Person_NP)? ", "Gib mir  Frau von ($x | Person_NP) ", "Gib mir  Frauen von ($x | Person_NP) ", "Gib mir alle Frauen von ($x | Person_NP) ", "Liste  Frauen von ($x | Person_NP) auf ", "Liste alle Frauen von ($x | Person_NP) auf ", "welche Person ist  Frau von ($x | Person_NP)? ", "welche Person war  Frau von ($x | Person_NP)? ", "wer ist  Frau von ($x | Person_NP)? ", "wer ist ($x | Person_NP) s Frau? ", "wer sind Frauen von ($x | Person_NP)? ", "wer war  Frau von ($x | Person_NP)? ", "wer waren Frauen von ($x | Person_NP)? " ],
      "bindingVariable" : "$x",
      "sparql" : "(bgp (triple ?subjOfProp <http://dbpedia.org/ontology/spouse> ?objOfProp))\n",
      "bindingType" : "subjOfProp",
      "returnType" : "objOfProp"
    }, {
      "grammarRuleNo" : 2,
      "grammarRules" : [ " Frau von ($x | Person_NP)?" ],
      "bindingVariable" : "$x",
      "sparql" : "(bgp (triple ?subjOfProp <http://dbpedia.org/ontology/spouse> ?objOfProp))\n",
      "bindingType" : "subjOfProp",
      "returnType" : "objOfProp"
    } ]
  }, {
    "id" : 11,
    "Entry" : "gesamteinwohnerzahl_von",
    "syntacticFrame" : "NPP",
    "rules" : [ {
      "grammarRuleNo" : 1,
      "grammarRules" : [ "Gib mir  Gesamteinwohnerzahl von ($x | Location_NP) ", "was ist  Gesamteinwohnerzahl von ($x | Location_NP)? ", "was ist ($x | Location_NP) s Gesamteinwohnerzahl? ", "was war  Gesamteinwohnerzahl von ($x | Location_NP)? " ],
      "bindingVariable" : "$x",
      "sparql" : "(bgp (triple ?subjOfProp <http://dbpedia.org/ontology/populationTotal> ?objOfProp))\n",
      "bindingType" : "subjOfProp",
      "returnType" : "objOfProp"
    }, {
      "grammarRuleNo" : 2,
      "grammarRules" : [ " Gesamteinwohnerzahl von ($x | Location_NP)?" ],
      "bindingVariable" : "$x",
      "sparql" : "(bgp (triple ?subjOfProp <http://dbpedia.org/ontology/populationTotal> ?objOfProp))\n",
      "bindingType" : "subjOfProp",
      "returnType" : "objOfProp"
    } ]
  }, {
    "id" : 12,
    "Entry" : "government_type",
    "syntacticFrame" : "NPP",
    "rules" : [ {
      "grammarRuleNo" : 1,
      "grammarRules" : [ "Gib mir  Regierungsform von ($x | Country_NP) ", "Gib mir alle Regierungsform von ($x | Country_NP) ", "Liste  Regierungsform von ($x | Country_NP) auf ", "Liste alle Regierungsform von ($x | Country_NP) auf ", "was ist  Regierungsform von ($x | Country_NP)? ", "was ist ($x | Country_NP) s Regierungsform? ", "was sind Regierungsform von ($x | Country_NP)? ", "was war  Regierungsform von ($x | Country_NP)? ", "was waren Regierungsform von ($x | Country_NP)? " ],
      "bindingVariable" : "$x",
      "sparql" : "(bgp (triple ?subjOfProp <http://dbpedia.org/ontology/governmentType> ?objOfProp))\n",
      "bindingType" : "subjOfProp",
      "returnType" : "objOfProp"
    }, {
      "grammarRuleNo" : 2,
      "grammarRules" : [ " Regierungsform von ($x | Country_NP)?" ],
      "bindingVariable" : "$x",
      "sparql" : "(bgp (triple ?subjOfProp <http://dbpedia.org/ontology/governmentType> ?objOfProp))\n",
      "bindingType" : "subjOfProp",
      "returnType" : "objOfProp"
    } ]
  }, {
    "id" : 13,
    "Entry" : "größthauptstadt_von",
    "syntacticFrame" : "NPP",
    "rules" : [ {
      "grammarRuleNo" : 1,
      "grammarRules" : [ "Gib mir  größte Stadt in ($x | Country_NP) ", "Gib mir  größte Städte in ($x | Country_NP) ", "Gib mir alle größte Städte in ($x | Country_NP) ", "Liste  größte Städte in ($x | Country_NP) auf ", "Liste alle größte Städte in ($x | Country_NP) auf ", "was ist  größte Stadt in ($x | Country_NP)? ", "was ist ($x | Country_NP) s größte Stadt? ", "was sind größte Städte in ($x | Country_NP)? ", "was war  größte Stadt in ($x | Country_NP)? ", "was waren größte Städte in ($x | Country_NP)? ", "welche Stadt ist  größte Stadt in ($x | Country_NP)? ", "welche Stadt war  größte Stadt in ($x | Country_NP)? ", "welche Städte sind  größte Stadt in ($x | Country_NP)? ", "welche Städte waren  größte Stadt in ($x | Country_NP)? " ],
      "bindingVariable" : "$x",
      "sparql" : "(bgp (triple ?subjOfProp <http://dbpedia.org/ontology/largestCity> ?objOfProp))\n",
      "bindingType" : "subjOfProp",
      "returnType" : "objOfProp"
    }, {
      "grammarRuleNo" : 2,
      "grammarRules" : [ " größte Stadt in ($x | Country_NP)?" ],
      "bindingVariable" : "$x",
      "sparql" : "(bgp (triple ?subjOfProp <http://dbpedia.org/ontology/largestCity> ?objOfProp))\n",
      "bindingType" : "subjOfProp",
      "returnType" : "objOfProp"
    } ]
  }, {
    "id" : 14,
    "Entry" : "hauptstadt_von",
    "syntacticFrame" : "NPP",
    "rules" : [ {
      "grammarRuleNo" : 1,
      "grammarRules" : [ "Gib mir  Hauptstadt von ($x | Country_NP) ", "was ist  Hauptstadt von ($x | Country_NP)? ", "was ist ($x | Country_NP) s Hauptstadt? ", "was war  Hauptstadt von ($x | Country_NP)? ", "welche Stadt ist  Hauptstadt von ($x | Country_NP)? ", "welche Stadt war  Hauptstadt von ($x | Country_NP)? ", "welche Städte sind  Hauptstadt von ($x | Country_NP)? ", "welche Städte waren  Hauptstadt von ($x | Country_NP)? " ],
      "bindingVariable" : "$x",
      "sparql" : "(bgp (triple ?subjOfProp <http://dbpedia.org/ontology/capital> ?objOfProp))\n",
      "bindingType" : "subjOfProp",
      "returnType" : "objOfProp"
    }, {
      "grammarRuleNo" : 2,
      "grammarRules" : [ " Hauptstadt von ($x | Country_NP)?" ],
      "bindingVariable" : "$x",
      "sparql" : "(bgp (triple ?subjOfProp <http://dbpedia.org/ontology/capital> ?objOfProp))\n",
      "bindingType" : "subjOfProp",
      "returnType" : "objOfProp"
    } ]
  }, {
    "id" : 15,
    "Entry" : "heimstadion_von",
    "syntacticFrame" : "NPP",
    "rules" : [ {
      "grammarRuleNo" : 1,
      "grammarRules" : [ "Gib mir  HeimStadien von ($x | SportsClub_NP) ", "Gib mir  HeimStadion von ($x | SportsClub_NP) ", "Gib mir alle HeimStadien von ($x | SportsClub_NP) ", "Liste  HeimStadien von ($x | SportsClub_NP) auf ", "Liste alle HeimStadien von ($x | SportsClub_NP) auf ", "was ist  HeimStadion von ($x | SportsClub_NP)? ", "was ist ($x | SportsClub_NP) s HeimStadion? ", "was sind HeimStadien von ($x | SportsClub_NP)? ", "was war  HeimStadion von ($x | SportsClub_NP)? ", "was waren HeimStadien von ($x | SportsClub_NP)? " ],
      "bindingVariable" : "$x",
      "sparql" : "(bgp (triple ?subjOfProp <http://dbpedia.org/ontology/ground> ?objOfProp))\n",
      "bindingType" : "subjOfProp",
      "returnType" : "objOfProp"
    }, {
      "grammarRuleNo" : 2,
      "grammarRules" : [ " HeimStadion von ($x | SportsClub_NP)?" ],
      "bindingVariable" : "$x",
      "sparql" : "(bgp (triple ?subjOfProp <http://dbpedia.org/ontology/ground> ?objOfProp))\n",
      "bindingType" : "subjOfProp",
      "returnType" : "objOfProp"
    } ]
  }, {
    "id" : 16,
    "Entry" : "herausgeber_von",
    "syntacticFrame" : "NPP",
    "rules" : [ {
      "grammarRuleNo" : 1,
      "grammarRules" : [ " Personen sind  Herausgeber von ($x | WrittenWork_NP)? ", " Personen waren  Herausgeber von ($x | WrittenWork_NP)? ", "Gib mir  Herausgeber von ($x | WrittenWork_NP) ", "Gib mir alle Herausgeber von ($x | WrittenWork_NP) ", "Liste  Herausgeber von ($x | WrittenWork_NP) auf ", "Liste alle Herausgeber von ($x | WrittenWork_NP) auf ", "welche Person ist  Herausgeber von ($x | WrittenWork_NP)? ", "welche Person war  Herausgeber von ($x | WrittenWork_NP)? ", "wer ist  Herausgeber von ($x | WrittenWork_NP)? ", "wer ist ($x | WrittenWork_NP) s Herausgeber? ", "wer sind Herausgeber von ($x | WrittenWork_NP)? ", "wer war  Herausgeber von ($x | WrittenWork_NP)? ", "wer waren Herausgeber von ($x | WrittenWork_NP)? " ],
      "bindingVariable" : "$x",
      "sparql" : "(bgp (triple ?subjOfProp <http://dbpedia.org/ontology/editor> ?objOfProp))\n",
      "bindingType" : "subjOfProp",
      "returnType" : "objOfProp"
    }, {
      "grammarRuleNo" : 2,
      "grammarRules" : [ " Herausgeber von ($x | WrittenWork_NP)?" ],
      "bindingVariable" : "$x",
      "sparql" : "(bgp (triple ?subjOfProp <http://dbpedia.org/ontology/editor> ?objOfProp))\n",
      "bindingType" : "subjOfProp",
      "returnType" : "objOfProp"
    } ]
  }, {
    "id" : 17,
    "Entry" : "höhe_von",
    "syntacticFrame" : "NPP",
    "rules" : [ {
      "grammarRuleNo" : 1,
      "grammarRules" : [ "Gib mir  Höhe von ($x | Lighthouse_NP) ", "was ist  Höhe von ($x | Lighthouse_NP)? ", "was ist ($x | Lighthouse_NP) s Höhe? ", "was war  Höhe von ($x | Lighthouse_NP)? " ],
      "bindingVariable" : "$x",
      "sparql" : "(bgp (triple ?subjOfProp <http://dbpedia.org/ontology/height> ?objOfProp))\n",
      "bindingType" : "subjOfProp",
      "returnType" : "objOfProp"
    }, {
      "grammarRuleNo" : 2,
      "grammarRules" : [ " Höhe von ($x | Lighthouse_NP)?" ],
      "bindingVariable" : "$x",
      "sparql" : "(bgp (triple ?subjOfProp <http://dbpedia.org/ontology/height> ?objOfProp))\n",
      "bindingType" : "subjOfProp",
      "returnType" : "objOfProp"
    } ]
  }, {
    "id" : 18,
    "Entry" : "kinder_von",
    "syntacticFrame" : "NPP",
    "rules" : [ {
      "grammarRuleNo" : 1,
      "grammarRules" : [ " Personen sind  Kind von ($x | Person_NP)? ", " Personen waren  Kind von ($x | Person_NP)? ", "Gib mir  Kind von ($x | Person_NP) ", "Gib mir  Kinder von ($x | Person_NP) ", "Gib mir alle Kinder von ($x | Person_NP) ", "Liste  Kinder von ($x | Person_NP) auf ", "Liste alle Kinder von ($x | Person_NP) auf ", "welche Person ist  Kind von ($x | Person_NP)? ", "welche Person war  Kind von ($x | Person_NP)? ", "wer ist  Kind von ($x | Person_NP)? ", "wer ist ($x | Person_NP) s Kind? ", "wer sind Kinder von ($x | Person_NP)? ", "wer war  Kind von ($x | Person_NP)? ", "wer waren Kinder von ($x | Person_NP)? " ],
      "bindingVariable" : "$x",
      "sparql" : "(bgp (triple ?subjOfProp <http://dbpedia.org/ontology/child> ?objOfProp))\n",
      "bindingType" : "subjOfProp",
      "returnType" : "objOfProp"
    }, {
      "grammarRuleNo" : 2,
      "grammarRules" : [ " Kind von ($x | Person_NP)?" ],
      "bindingVariable" : "$x",
      "sparql" : "(bgp (triple ?subjOfProp <http://dbpedia.org/ontology/child> ?objOfProp))\n",
      "bindingType" : "subjOfProp",
      "returnType" : "objOfProp"
    } ]
  }, {
    "id" : 19,
    "Entry" : "koenig_von",
    "syntacticFrame" : "NPP",
    "rules" : [ {
      "grammarRuleNo" : 1,
      "grammarRules" : [ "Gib mir  König von ($x | Legislature_NP) ", "Gib mir alle König von ($x | Legislature_NP) ", "Liste  König von ($x | Legislature_NP) auf ", "Liste alle König von ($x | Legislature_NP) auf ", "was ist  König von ($x | Legislature_NP)? ", "was ist ($x | Legislature_NP) s König? ", "was sind König von ($x | Legislature_NP)? ", "was war  König von ($x | Legislature_NP)? ", "was waren König von ($x | Legislature_NP)? " ],
      "bindingVariable" : "$x",
      "sparql" : "(bgp (triple ?subjOfProp <http://dbpedia.org/ontology/leader> ?objOfProp))\n",
      "bindingType" : "subjOfProp",
      "returnType" : "objOfProp"
    }, {
      "grammarRuleNo" : 2,
      "grammarRules" : [ " König von ($x | Legislature_NP)?" ],
      "bindingVariable" : "$x",
      "sparql" : "(bgp (triple ?subjOfProp <http://dbpedia.org/ontology/leader> ?objOfProp))\n",
      "bindingType" : "subjOfProp",
      "returnType" : "objOfProp"
    } ]
  }, {
    "id" : 20,
    "Entry" : "musik_von",
    "syntacticFrame" : "NPP",
    "rules" : [ {
      "grammarRuleNo" : 1,
      "grammarRules" : [ " Personen sind  Musik von ($x | Person_NP)? ", " Personen waren  Musik von ($x | Person_NP)? ", "Gib mir  Musik von ($x | Person_NP) ", "Gib mir  Musiken von ($x | Person_NP) ", "Gib mir alle Musiken von ($x | Person_NP) ", "Liste  Musiken von ($x | Person_NP) auf ", "Liste alle Musiken von ($x | Person_NP) auf ", "was ist  Musik von ($x | Person_NP)? ", "was ist ($x | Person_NP) s Musik? ", "was sind Musiken von ($x | Person_NP)? ", "was war  Musik von ($x | Person_NP)? ", "was waren Musiken von ($x | Person_NP)? ", "welche Person ist  Musik von ($x | Person_NP)? ", "welche Person war  Musik von ($x | Person_NP)? " ],
      "bindingVariable" : "$x",
      "sparql" : "(bgp (triple ?subjOfProp <http://dbpedia.org/ontology/musicBy> ?objOfProp))\n",
      "bindingType" : "objOfProp",
      "returnType" : "subjOfProp"
    }, {
      "grammarRuleNo" : 2,
      "grammarRules" : [ " Musik von ($x | Person_NP)?" ],
      "bindingVariable" : "$x",
      "sparql" : "(bgp (triple ?subjOfProp <http://dbpedia.org/ontology/musicBy> ?objOfProp))\n",
      "bindingType" : "objOfProp",
      "returnType" : "subjOfProp"
    } ]
  }, {
    "id" : 21,
    "Entry" : "nachfolger_von",
    "syntacticFrame" : "NPP",
    "rules" : [ {
      "grammarRuleNo" : 1,
      "grammarRules" : [ " Personen sind  Nachfolger von ($x | Politician_NP)? ", " Personen waren  Nachfolger von ($x | Politician_NP)? ", "Gib mir  Nachfolger von ($x | Politician_NP) ", "Gib mir alle Nachfolger von ($x | Politician_NP) ", "Liste  Nachfolger von ($x | Politician_NP) auf ", "Liste alle Nachfolger von ($x | Politician_NP) auf ", "welche Person ist  Nachfolger von ($x | Politician_NP)? ", "welche Person war  Nachfolger von ($x | Politician_NP)? ", "wer ist  Nachfolger von ($x | Politician_NP)? ", "wer ist ($x | Politician_NP) s Nachfolger? ", "wer sind Nachfolger von ($x | Politician_NP)? ", "wer war  Nachfolger von ($x | Politician_NP)? ", "wer waren Nachfolger von ($x | Politician_NP)? " ],
      "bindingVariable" : "$x",
      "sparql" : "(bgp (triple ?subjOfProp <http://dbpedia.org/ontology/successor> ?objOfProp))\n",
      "bindingType" : "subjOfProp",
      "returnType" : "objOfProp"
    }, {
      "grammarRuleNo" : 2,
      "grammarRules" : [ " Nachfolger von ($x | Politician_NP)?" ],
      "bindingVariable" : "$x",
      "sparql" : "(bgp (triple ?subjOfProp <http://dbpedia.org/ontology/successor> ?objOfProp))\n",
      "bindingType" : "subjOfProp",
      "returnType" : "objOfProp"
    } ]
  }, {
    "id" : 22,
    "Entry" : "partei-von",
    "syntacticFrame" : "NPP",
    "rules" : [ {
      "grammarRuleNo" : 1,
      "grammarRules" : [ "Gib mir  Partei von ($x | Politician_NP) ", "Gib mir  Parteien von ($x | Politician_NP) ", "Gib mir alle Parteien von ($x | Politician_NP) ", "Liste  Parteien von ($x | Politician_NP) auf ", "Liste alle Parteien von ($x | Politician_NP) auf ", "was ist  Partei von ($x | Politician_NP)? ", "was ist ($x | Politician_NP) s Partei? ", "was sind Parteien von ($x | Politician_NP)? ", "was war  Partei von ($x | Politician_NP)? ", "was waren Parteien von ($x | Politician_NP)? " ],
      "bindingVariable" : "$x",
      "sparql" : "(bgp (triple ?subjOfProp <http://dbpedia.org/ontology/party> ?objOfProp))\n",
      "bindingType" : "subjOfProp",
      "returnType" : "objOfProp"
    }, {
      "grammarRuleNo" : 2,
      "grammarRules" : [ " Partei von ($x | Politician_NP)?" ],
      "bindingVariable" : "$x",
      "sparql" : "(bgp (triple ?subjOfProp <http://dbpedia.org/ontology/party> ?objOfProp))\n",
      "bindingType" : "subjOfProp",
      "returnType" : "objOfProp"
    } ]
  }, {
    "id" : 23,
    "Entry" : "präsident_von",
    "syntacticFrame" : "NPP",
    "rules" : [ {
      "grammarRuleNo" : 1,
      "grammarRules" : [ " Personen sind  präsident von ($x | Legislature_NP)? ", " Personen waren  präsident von ($x | Legislature_NP)? ", "Gib mir  präsident von ($x | Legislature_NP) ", "Gib mir  präsidenten von ($x | Legislature_NP) ", "Gib mir alle präsidenten von ($x | Legislature_NP) ", "Liste  präsidenten von ($x | Legislature_NP) auf ", "Liste alle präsidenten von ($x | Legislature_NP) auf ", "welche Person ist  präsident von ($x | Legislature_NP)? ", "welche Person war  präsident von ($x | Legislature_NP)? ", "wer ist  präsident von ($x | Legislature_NP)? ", "wer ist ($x | Legislature_NP) s präsident? ", "wer sind präsidenten von ($x | Legislature_NP)? ", "wer war  präsident von ($x | Legislature_NP)? ", "wer waren präsidenten von ($x | Legislature_NP)? " ],
      "bindingVariable" : "$x",
      "sparql" : "(bgp (triple ?subjOfProp <http://dbpedia.org/ontology/leader> ?objOfProp))\n",
      "bindingType" : "subjOfProp",
      "returnType" : "objOfProp"
    }, {
      "grammarRuleNo" : 2,
      "grammarRules" : [ " präsident von ($x | Legislature_NP)?" ],
      "bindingVariable" : "$x",
      "sparql" : "(bgp (triple ?subjOfProp <http://dbpedia.org/ontology/leader> ?objOfProp))\n",
      "bindingType" : "subjOfProp",
      "returnType" : "objOfProp"
    } ]
  }, {
    "id" : 24,
    "Entry" : "richtiger_name_of",
    "syntacticFrame" : "NPP",
    "rules" : [ {
      "grammarRuleNo" : 1,
      "grammarRules" : [ "Gib mir  richtiger Name von ($x | FictionalCharacter_NP) ", "Gib mir alle richtiger Name von ($x | FictionalCharacter_NP) ", "Liste  richtiger Name von ($x | FictionalCharacter_NP) auf ", "Liste alle richtiger Name von ($x | FictionalCharacter_NP) auf ", "was ist  richtiger Name von ($x | FictionalCharacter_NP)? ", "was ist ($x | FictionalCharacter_NP) s richtiger Name? ", "was sind richtiger Name von ($x | FictionalCharacter_NP)? ", "was war  richtiger Name von ($x | FictionalCharacter_NP)? ", "was waren richtiger Name von ($x | FictionalCharacter_NP)? " ],
      "bindingVariable" : "$x",
      "sparql" : "(bgp (triple ?subjOfProp <http://dbpedia.org/property/alterEgo> ?objOfProp))\n",
      "bindingType" : "subjOfProp",
      "returnType" : "objOfProp"
    }, {
      "grammarRuleNo" : 2,
      "grammarRules" : [ " richtiger Name von ($x | FictionalCharacter_NP)?" ],
      "bindingVariable" : "$x",
      "sparql" : "(bgp (triple ?subjOfProp <http://dbpedia.org/property/alterEgo> ?objOfProp))\n",
      "bindingType" : "subjOfProp",
      "returnType" : "objOfProp"
    } ]
  }, {
    "id" : 25,
    "Entry" : "schöpfer_von",
    "syntacticFrame" : "NPP",
    "rules" : [ {
      "grammarRuleNo" : 1,
      "grammarRules" : [ " Personen sind  Schöpfer von ($x | FictionalCharacter_NP)? ", " Personen waren  Schöpfer von ($x | FictionalCharacter_NP)? ", "Gib mir  Schöpfer von ($x | FictionalCharacter_NP) ", "Gib mir alle Schöpfer von ($x | FictionalCharacter_NP) ", "Liste  Schöpfer von ($x | FictionalCharacter_NP) auf ", "Liste alle Schöpfer von ($x | FictionalCharacter_NP) auf ", "welche Person ist  Schöpfer von ($x | FictionalCharacter_NP)? ", "welche Person war  Schöpfer von ($x | FictionalCharacter_NP)? ", "wer ist  Schöpfer von ($x | FictionalCharacter_NP)? ", "wer ist ($x | FictionalCharacter_NP) s Schöpfer? ", "wer sind Schöpfer von ($x | FictionalCharacter_NP)? ", "wer war  Schöpfer von ($x | FictionalCharacter_NP)? ", "wer waren Schöpfer von ($x | FictionalCharacter_NP)? " ],
      "bindingVariable" : "$x",
      "sparql" : "(bgp (triple ?subjOfProp <http://dbpedia.org/ontology/creator> ?objOfProp))\n",
      "bindingType" : "subjOfProp",
      "returnType" : "objOfProp"
    }, {
      "grammarRuleNo" : 2,
      "grammarRules" : [ " Schöpfer von ($x | FictionalCharacter_NP)?" ],
      "bindingVariable" : "$x",
      "sparql" : "(bgp (triple ?subjOfProp <http://dbpedia.org/ontology/creator> ?objOfProp))\n",
      "bindingType" : "subjOfProp",
      "returnType" : "objOfProp"
    } ]
  }, {
    "id" : 26,
    "Entry" : "sohn_von",
    "syntacticFrame" : "NPP",
    "rules" : [ {
      "grammarRuleNo" : 1,
      "grammarRules" : [ " Personen sind  Sohn von ($x | Person_NP)? ", " Personen waren  Sohn von ($x | Person_NP)? ", "Gib mir  Sohn von ($x | Person_NP) ", "Gib mir  Söhne von ($x | Person_NP) ", "Gib mir alle Söhne von ($x | Person_NP) ", "Liste  Söhne von ($x | Person_NP) auf ", "Liste alle Söhne von ($x | Person_NP) auf ", "welche Person ist  Sohn von ($x | Person_NP)? ", "welche Person war  Sohn von ($x | Person_NP)? ", "wer ist  Sohn von ($x | Person_NP)? ", "wer ist ($x | Person_NP) s Sohn? ", "wer sind Söhne von ($x | Person_NP)? ", "wer war  Sohn von ($x | Person_NP)? ", "wer waren Söhne von ($x | Person_NP)? " ],
      "bindingVariable" : "$x",
      "sparql" : "(bgp (triple ?subjOfProp <http://dbpedia.org/ontology/child> ?objOfProp))\n",
      "bindingType" : "subjOfProp",
      "returnType" : "objOfProp"
    }, {
      "grammarRuleNo" : 2,
      "grammarRules" : [ " Sohn von ($x | Person_NP)?" ],
      "bindingVariable" : "$x",
      "sparql" : "(bgp (triple ?subjOfProp <http://dbpedia.org/ontology/child> ?objOfProp))\n",
      "bindingType" : "subjOfProp",
      "returnType" : "objOfProp"
    } ]
  }, {
    "id" : 27,
    "Entry" : "spiele_von",
    "syntacticFrame" : "NPP",
    "rules" : [ {
      "grammarRuleNo" : 1,
      "grammarRules" : [ "Gib mir  Spiel von ($x | Company_NP) ", "Gib mir  Spiele von ($x | Company_NP) ", "Gib mir alle Spiele von ($x | Company_NP) ", "Liste  Spiele von ($x | Company_NP) auf ", "Liste alle Spiele von ($x | Company_NP) auf ", "was ist  Spiel von ($x | Company_NP)? ", "was ist ($x | Company_NP) s Spiel? ", "was sind Spiele von ($x | Company_NP)? ", "was war  Spiel von ($x | Company_NP)? ", "was waren Spiele von ($x | Company_NP)? " ],
      "bindingVariable" : "$x",
      "sparql" : "(bgp (triple ?subjOfProp <http://dbpedia.org/ontology/publisher> ?objOfProp))\n",
      "bindingType" : "objOfProp",
      "returnType" : "subjOfProp"
    }, {
      "grammarRuleNo" : 2,
      "grammarRules" : [ " Spiel von ($x | Company_NP)?" ],
      "bindingVariable" : "$x",
      "sparql" : "(bgp (triple ?subjOfProp <http://dbpedia.org/ontology/publisher> ?objOfProp))\n",
      "bindingType" : "objOfProp",
      "returnType" : "subjOfProp"
    } ]
  }, {
    "id" : 28,
    "Entry" : "spitzname_von",
    "syntacticFrame" : "NPP",
    "rules" : [ {
      "grammarRuleNo" : 1,
      "grammarRules" : [ "Gib mir  Spitzname von ($x | City_NP) ", "Gib mir  Spitznamen von ($x | City_NP) ", "Gib mir alle Spitznamen von ($x | City_NP) ", "Liste  Spitznamen von ($x | City_NP) auf ", "Liste alle Spitznamen von ($x | City_NP) auf ", "was ist  Spitzname von ($x | City_NP)? ", "was ist ($x | City_NP) s Spitzname? ", "was sind Spitznamen von ($x | City_NP)? ", "was war  Spitzname von ($x | City_NP)? ", "was waren Spitznamen von ($x | City_NP)? " ],
      "bindingVariable" : "$x",
      "sparql" : "(bgp (triple ?subjOfProp <http://dbpedia.org/property/nickname> ?objOfProp))\n",
      "bindingType" : "subjOfProp",
      "returnType" : "objOfProp"
    }, {
      "grammarRuleNo" : 2,
      "grammarRules" : [ " Spitzname von ($x | City_NP)?" ],
      "bindingVariable" : "$x",
      "sparql" : "(bgp (triple ?subjOfProp <http://dbpedia.org/property/nickname> ?objOfProp))\n",
      "bindingType" : "subjOfProp",
      "returnType" : "objOfProp"
    } ]
  }, {
    "id" : 29,
    "Entry" : "staatsangehörigkeit_of",
    "syntacticFrame" : "NPP",
    "rules" : [ {
      "grammarRuleNo" : 1,
      "grammarRules" : [ "Gib mir  Staatsangehörigkeit von ($x | Person_NP) ", "Gib mir alle Staatsangehörigkeit von ($x | Person_NP) ", "Liste  Staatsangehörigkeit von ($x | Person_NP) auf ", "Liste alle Staatsangehörigkeit von ($x | Person_NP) auf ", "was ist  Staatsangehörigkeit von ($x | Person_NP)? ", "was ist ($x | Person_NP) s Staatsangehörigkeit? ", "was sind Staatsangehörigkeit von ($x | Person_NP)? ", "was war  Staatsangehörigkeit von ($x | Person_NP)? ", "was waren Staatsangehörigkeit von ($x | Person_NP)? ", "welche Land ist  Staatsangehörigkeit von ($x | Person_NP)? ", "welche Land war  Staatsangehörigkeit von ($x | Person_NP)? ", "welche Länder sind  Staatsangehörigkeit von ($x | Person_NP)? ", "welche Länder waren  Staatsangehörigkeit von ($x | Person_NP)? " ],
      "bindingVariable" : "$x",
      "sparql" : "(bgp (triple ?subjOfProp <http://dbpedia.org/ontology/nationality> ?objOfProp))\n",
      "bindingType" : "subjOfProp",
      "returnType" : "objOfProp"
    }, {
      "grammarRuleNo" : 2,
      "grammarRules" : [ " Staatsangehörigkeit von ($x | Person_NP)?" ],
      "bindingVariable" : "$x",
      "sparql" : "(bgp (triple ?subjOfProp <http://dbpedia.org/ontology/nationality> ?objOfProp))\n",
      "bindingType" : "subjOfProp",
      "returnType" : "objOfProp"
    } ]
  }, {
    "id" : 30,
    "Entry" : "staatsangehörigkeit_von",
    "syntacticFrame" : "NPP",
    "rules" : [ {
      "grammarRuleNo" : 1,
      "grammarRules" : [ "Gib mir  Staatsangehörigkeit von ($x | Person_NP) ", "Gib mir alle Staatsangehörigkeit von ($x | Person_NP) ", "Liste  Staatsangehörigkeit von ($x | Person_NP) auf ", "Liste alle Staatsangehörigkeit von ($x | Person_NP) auf ", "was ist  Staatsangehörigkeit von ($x | Person_NP)? ", "was ist ($x | Person_NP) s Staatsangehörigkeit? ", "was sind Staatsangehörigkeit von ($x | Person_NP)? ", "was war  Staatsangehörigkeit von ($x | Person_NP)? ", "was waren Staatsangehörigkeit von ($x | Person_NP)? ", "welche Land ist  Staatsangehörigkeit von ($x | Person_NP)? ", "welche Land war  Staatsangehörigkeit von ($x | Person_NP)? ", "welche Länder sind  Staatsangehörigkeit von ($x | Person_NP)? ", "welche Länder waren  Staatsangehörigkeit von ($x | Person_NP)? " ],
      "bindingVariable" : "$x",
      "sparql" : "(bgp (triple ?subjOfProp <http://dbpedia.org/ontology/nationality> ?objOfProp))\n",
      "bindingType" : "subjOfProp",
      "returnType" : "objOfProp"
    }, {
      "grammarRuleNo" : 2,
      "grammarRules" : [ " Staatsangehörigkeit von ($x | Person_NP)?" ],
      "bindingVariable" : "$x",
      "sparql" : "(bgp (triple ?subjOfProp <http://dbpedia.org/ontology/nationality> ?objOfProp))\n",
      "bindingType" : "subjOfProp",
      "returnType" : "objOfProp"
    } ]
  }, {
    "id" : 31,
    "Entry" : "stadtteile_von",
    "syntacticFrame" : "NPP",
    "rules" : [ {
      "grammarRuleNo" : 1,
      "grammarRules" : [ "Gib mir  Stadtteil von ($x | Country_NP) ", "Gib mir  Stadtteile von ($x | Country_NP) ", "Gib mir alle Stadtteile von ($x | Country_NP) ", "Liste  Stadtteile von ($x | Country_NP) auf ", "Liste alle Stadtteile von ($x | Country_NP) auf ", "was ist  Stadtteil von ($x | Country_NP)? ", "was ist ($x | Country_NP) s Stadtteil? ", "was sind Stadtteile von ($x | Country_NP)? ", "was war  Stadtteil von ($x | Country_NP)? ", "was waren Stadtteile von ($x | Country_NP)? ", "welche Land ist  Stadtteil von ($x | Country_NP)? ", "welche Land war  Stadtteil von ($x | Country_NP)? ", "welche Länder sind  Stadtteil von ($x | Country_NP)? ", "welche Länder waren  Stadtteil von ($x | Country_NP)? " ],
      "bindingVariable" : "$x",
      "sparql" : "(bgp (triple ?subjOfProp <http://dbpedia.org/ontology/governmentType> ?objOfProp))\n",
      "bindingType" : "objOfProp",
      "returnType" : "subjOfProp"
    }, {
      "grammarRuleNo" : 2,
      "grammarRules" : [ " Stadtteil von ($x | Country_NP)?" ],
      "bindingVariable" : "$x",
      "sparql" : "(bgp (triple ?subjOfProp <http://dbpedia.org/ontology/governmentType> ?objOfProp))\n",
      "bindingType" : "objOfProp",
      "returnType" : "subjOfProp"
    } ]
  }, {
    "id" : 32,
    "Entry" : "tocher_von",
    "syntacticFrame" : "NPP",
    "rules" : [ {
      "grammarRuleNo" : 1,
      "grammarRules" : [ " Personen sind  Tochter von ($x | Person_NP)? ", " Personen waren  Tochter von ($x | Person_NP)? ", "Gib mir  Tochter von ($x | Person_NP) ", "Gib mir  Töchter von ($x | Person_NP) ", "Gib mir alle Töchter von ($x | Person_NP) ", "Liste  Töchter von ($x | Person_NP) auf ", "Liste alle Töchter von ($x | Person_NP) auf ", "welche Person ist  Tochter von ($x | Person_NP)? ", "welche Person war  Tochter von ($x | Person_NP)? ", "wer ist  Tochter von ($x | Person_NP)? ", "wer ist ($x | Person_NP) s Tochter? ", "wer sind Töchter von ($x | Person_NP)? ", "wer war  Tochter von ($x | Person_NP)? ", "wer waren Töchter von ($x | Person_NP)? " ],
      "bindingVariable" : "$x",
      "sparql" : "(bgp (triple ?subjOfProp <http://dbpedia.org/ontology/child> ?objOfProp))\n",
      "bindingType" : "subjOfProp",
      "returnType" : "objOfProp"
    }, {
      "grammarRuleNo" : 2,
      "grammarRules" : [ " Tochter von ($x | Person_NP)?" ],
      "bindingVariable" : "$x",
      "sparql" : "(bgp (triple ?subjOfProp <http://dbpedia.org/ontology/child> ?objOfProp))\n",
      "bindingType" : "subjOfProp",
      "returnType" : "objOfProp"
    }, {
      "grammarRuleNo" : 3,
      "grammarRules" : [ " Personen sind  Tochter von ($x | Person_NP)? ", " Personen waren  Tochter von ($x | Person_NP)? ", "Gib mir  Tochter von ($x | Person_NP) ", "Gib mir  Töchter von ($x | Person_NP) ", "Gib mir alle Töchter von ($x | Person_NP) ", "Liste  Töchter von ($x | Person_NP) auf ", "Liste alle Töchter von ($x | Person_NP) auf ", "welche Person ist  Tochter von ($x | Person_NP)? ", "welche Person war  Tochter von ($x | Person_NP)? ", "wer ist  Tochter von ($x | Person_NP)? ", "wer ist ($x | Person_NP) s Tochter? ", "wer sind Töchter von ($x | Person_NP)? ", "wer war  Tochter von ($x | Person_NP)? ", "wer waren Töchter von ($x | Person_NP)? " ],
      "bindingVariable" : "$x",
      "sparql" : "(bgp (triple ?subjOfProp <http://dbpedia.org/ontology/child> ?objOfProp))\n",
      "bindingType" : "subjOfProp",
      "returnType" : "objOfProp"
    }, {
      "grammarRuleNo" : 4,
      "grammarRules" : [ " Tochter von ($x | Person_NP)?" ],
      "bindingVariable" : "$x",
      "sparql" : "(bgp (triple ?subjOfProp <http://dbpedia.org/ontology/child> ?objOfProp))\n",
      "bindingType" : "subjOfProp",
      "returnType" : "objOfProp"
    } ]
  }, {
    "id" : 33,
    "Entry" : "trainer_von",
    "syntacticFrame" : "NPP",
    "rules" : [ {
      "grammarRuleNo" : 1,
      "grammarRules" : [ "Gib mir  Trainer von ($x | IceHockeyLeague_NP) ", "Gib mir alle Trainer von ($x | IceHockeyLeague_NP) ", "Liste  Trainer von ($x | IceHockeyLeague_NP) auf ", "Liste alle Trainer von ($x | IceHockeyLeague_NP) auf ", "wer ist  Trainer von ($x | IceHockeyLeague_NP)? ", "wer ist ($x | IceHockeyLeague_NP) s Trainer? ", "wer sind Trainer von ($x | IceHockeyLeague_NP)? ", "wer war  Trainer von ($x | IceHockeyLeague_NP)? ", "wer waren Trainer von ($x | IceHockeyLeague_NP)? " ],
      "bindingVariable" : "$x",
      "sparql" : "(bgp (triple ?subjOfProp <http://dbpedia.org/ontology/coach> ?objOfProp))\n",
      "bindingType" : "subjOfProp",
      "returnType" : "objOfProp"
    }, {
      "grammarRuleNo" : 2,
      "grammarRules" : [ " Trainer von ($x | IceHockeyLeague_NP)?" ],
      "bindingVariable" : "$x",
      "sparql" : "(bgp (triple ?subjOfProp <http://dbpedia.org/ontology/coach> ?objOfProp))\n",
      "bindingType" : "subjOfProp",
      "returnType" : "objOfProp"
    } ]
  }, {
    "id" : 34,
    "Entry" : "unknown_0",
    "syntacticFrame" : "FULL_DATASET",
    "rules" : [ {
      "grammarRuleNo" : 1,
      "grammarRules" : [ "Where is $x located?" ],
      "bindingVariable" : "$x",
      "sparql" : "(join\n  (union\n    (bgp (triple ?subjOfProp <http://dbpedia.org/ontology/country> ?objOfProp))\n    (bgp (triple ?subjOfProp <http://dbpedia.org/ontology/location> ?objOfProp)))\n  (bgp\n    (triple ?objOfProp <http://www.w3.org/1999/02/22-rdf-syntax-ns#type> <http://dbpedia.org/ontology/Location>)\n    (triple ?subjOfProp <http://www.w3.org/1999/02/22-rdf-syntax-ns#type> <http://dbpedia.org/ontology/Location>)\n  ))\n",
      "bindingType" : "subjOfProp",
      "returnType" : "objOfProp"
    } ]
  }, {
    "id" : 35,
    "Entry" : "vater_von_1",
    "syntacticFrame" : "NPP",
    "rules" : [ {
      "grammarRuleNo" : 1,
      "grammarRules" : [ " Personen sind  Vater von ($x | Person_NP)? ", " Personen waren  Vater von ($x | Person_NP)? ", "Gib mir  Vater von ($x | Person_NP) ", "Gib mir  Väter von ($x | Person_NP) ", "Gib mir alle Väter von ($x | Person_NP) ", "Liste  Väter von ($x | Person_NP) auf ", "Liste alle Väter von ($x | Person_NP) auf ", "welche Person ist  Vater von ($x | Person_NP)? ", "welche Person war  Vater von ($x | Person_NP)? ", "wer ist  Vater von ($x | Person_NP)? ", "wer ist ($x | Person_NP) s Vater? ", "wer sind Väter von ($x | Person_NP)? ", "wer war  Vater von ($x | Person_NP)? ", "wer waren Väter von ($x | Person_NP)? " ],
      "bindingVariable" : "$x",
      "sparql" : "(bgp (triple ?subjOfProp <http://dbpedia.org/property/father> ?objOfProp))\n",
      "bindingType" : "subjOfProp",
      "returnType" : "objOfProp"
    }, {
      "grammarRuleNo" : 2,
      "grammarRules" : [ " Vater von ($x | Person_NP)?" ],
      "bindingVariable" : "$x",
      "sparql" : "(bgp (triple ?subjOfProp <http://dbpedia.org/property/father> ?objOfProp))\n",
      "bindingType" : "subjOfProp",
      "returnType" : "objOfProp"
    } ]
  }, {
    "id" : 36,
    "Entry" : "videospiele_von",
    "syntacticFrame" : "NPP",
    "rules" : [ {
      "grammarRuleNo" : 1,
      "grammarRules" : [ "Gib mir  Videospiel von ($x | Company_NP) ", "Gib mir  Videospiele von ($x | Company_NP) ", "Gib mir alle Videospiele von ($x | Company_NP) ", "Liste  Videospiele von ($x | Company_NP) auf ", "Liste alle Videospiele von ($x | Company_NP) auf ", "was ist  Videospiel von ($x | Company_NP)? ", "was ist ($x | Company_NP) s Videospiel? ", "was sind Videospiele von ($x | Company_NP)? ", "was war  Videospiel von ($x | Company_NP)? ", "was waren Videospiele von ($x | Company_NP)? " ],
      "bindingVariable" : "$x",
      "sparql" : "(bgp (triple ?subjOfProp <http://dbpedia.org/ontology/publisher> ?objOfProp))\n",
      "bindingType" : "objOfProp",
      "returnType" : "subjOfProp"
    }, {
      "grammarRuleNo" : 2,
      "grammarRules" : [ " Videospiel von ($x | Company_NP)?" ],
      "bindingVariable" : "$x",
      "sparql" : "(bgp (triple ?subjOfProp <http://dbpedia.org/ontology/publisher> ?objOfProp))\n",
      "bindingType" : "objOfProp",
      "returnType" : "subjOfProp"
    } ]
  }, {
    "id" : 37,
    "Entry" : "vizepräsident_unter",
    "syntacticFrame" : "NPP",
    "rules" : [ {
      "grammarRuleNo" : 1,
      "grammarRules" : [ " Personen sind  Vizepräsident unter ($x | Politician_NP)? ", " Personen waren  Vizepräsident unter ($x | Politician_NP)? ", "Gib mir  Vizepräsident unter ($x | Politician_NP) ", "Gib mir  Vizepräsidenten unter ($x | Politician_NP) ", "Gib mir alle Vizepräsidenten unter ($x | Politician_NP) ", "Liste  Vizepräsidenten unter ($x | Politician_NP) auf ", "Liste alle Vizepräsidenten unter ($x | Politician_NP) auf ", "welche Person ist  Vizepräsident unter ($x | Politician_NP)? ", "welche Person war  Vizepräsident unter ($x | Politician_NP)? ", "wer ist  Vizepräsident unter ($x | Politician_NP)? ", "wer ist ($x | Politician_NP) s Vizepräsident? ", "wer sind Vizepräsidenten unter ($x | Politician_NP)? ", "wer war  Vizepräsident unter ($x | Politician_NP)? ", "wer waren Vizepräsidenten unter ($x | Politician_NP)? " ],
      "bindingVariable" : "$x",
      "sparql" : "(bgp (triple ?subjOfProp <http://dbpedia.org/ontology/vicePresident> ?objOfProp))\n",
      "bindingType" : "subjOfProp",
      "returnType" : "objOfProp"
    }, {
      "grammarRuleNo" : 2,
      "grammarRules" : [ " Vizepräsident unter ($x | Politician_NP)?" ],
      "bindingVariable" : "$x",
      "sparql" : "(bgp (triple ?subjOfProp <http://dbpedia.org/ontology/vicePresident> ?objOfProp))\n",
      "bindingType" : "subjOfProp",
      "returnType" : "objOfProp"
    } ]
  }, {
    "id" : 38,
    "Entry" : "vizepräsident_von",
    "syntacticFrame" : "NPP",
    "rules" : [ {
      "grammarRuleNo" : 1,
      "grammarRules" : [ "Gib mir  Vizepräsident von ($x | Person_NP) ", "Gib mir  Vizepräsidenten von ($x | Person_NP) ", "Gib mir alle Vizepräsidenten von ($x | Person_NP) ", "Liste  Vizepräsidenten von ($x | Person_NP) auf ", "Liste alle Vizepräsidenten von ($x | Person_NP) auf ", "was ist  Vizepräsident von ($x | Person_NP)? ", "was ist ($x | Person_NP) s Vizepräsident? ", "was sind Vizepräsidenten von ($x | Person_NP)? ", "was war  Vizepräsident von ($x | Person_NP)? ", "was waren Vizepräsidenten von ($x | Person_NP)? ", "welche Land ist  Vizepräsident von ($x | Person_NP)? ", "welche Land war  Vizepräsident von ($x | Person_NP)? ", "welche Länder sind  Vizepräsident von ($x | Person_NP)? ", "welche Länder waren  Vizepräsident von ($x | Person_NP)? " ],
      "bindingVariable" : "$x",
      "sparql" : "(bgp (triple ?subjOfProp <http://dbpedia.org/ontology/vicePresident> ?objOfProp))\n",
      "bindingType" : "subjOfProp",
      "returnType" : "objOfProp"
    }, {
      "grammarRuleNo" : 2,
      "grammarRules" : [ " Vizepräsident von ($x | Person_NP)?" ],
      "bindingVariable" : "$x",
      "sparql" : "(bgp (triple ?subjOfProp <http://dbpedia.org/ontology/vicePresident> ?objOfProp))\n",
      "bindingType" : "subjOfProp",
      "returnType" : "objOfProp"
    } ]
  }, {
    "id" : 39,
    "Entry" : "vorwahl_von",
    "syntacticFrame" : "NPP",
    "rules" : [ {
      "grammarRuleNo" : 1,
      "grammarRules" : [ "Gib mir  Vorwahl von ($x | Place_NP) ", "Gib mir alle Vorwahl von ($x | Place_NP) ", "Liste  Vorwahl von ($x | Place_NP) auf ", "Liste alle Vorwahl von ($x | Place_NP) auf ", "was ist  Vorwahl von ($x | Place_NP)? ", "was ist ($x | Place_NP) s Vorwahl? ", "was sind Vorwahl von ($x | Place_NP)? ", "was war  Vorwahl von ($x | Place_NP)? ", "was waren Vorwahl von ($x | Place_NP)? " ],
      "bindingVariable" : "$x",
      "sparql" : "(bgp (triple ?subjOfProp <http://dbpedia.org/ontology/areaCode> ?objOfProp))\n",
      "bindingType" : "subjOfProp",
      "returnType" : "objOfProp"
    }, {
      "grammarRuleNo" : 2,
      "grammarRules" : [ " Vorwahl von ($x | Place_NP)?" ],
      "bindingVariable" : "$x",
      "sparql" : "(bgp (triple ?subjOfProp <http://dbpedia.org/ontology/areaCode> ?objOfProp))\n",
      "bindingType" : "subjOfProp",
      "returnType" : "objOfProp"
    } ]
  }, {
    "id" : 40,
    "Entry" : "währung_von",
    "syntacticFrame" : "NPP",
    "rules" : [ {
      "grammarRuleNo" : 1,
      "grammarRules" : [ "Gib mir  Währung von ($x | Country_NP) ", "Gib mir  Währungen von ($x | Country_NP) ", "Gib mir alle Währungen von ($x | Country_NP) ", "Liste  Währungen von ($x | Country_NP) auf ", "Liste alle Währungen von ($x | Country_NP) auf ", "was ist  Währung von ($x | Country_NP)? ", "was ist ($x | Country_NP) s Währung? ", "was sind Währungen von ($x | Country_NP)? ", "was war  Währung von ($x | Country_NP)? ", "was waren Währungen von ($x | Country_NP)? " ],
      "bindingVariable" : "$x",
      "sparql" : "(bgp (triple ?subjOfProp <http://dbpedia.org/ontology/currency> ?objOfProp))\n",
      "bindingType" : "subjOfProp",
      "returnType" : "objOfProp"
    }, {
      "grammarRuleNo" : 2,
      "grammarRules" : [ " Währung von ($x | Country_NP)?" ],
      "bindingVariable" : "$x",
      "sparql" : "(bgp (triple ?subjOfProp <http://dbpedia.org/ontology/currency> ?objOfProp))\n",
      "bindingType" : "subjOfProp",
      "returnType" : "objOfProp"
    } ]
  }, {
    "id" : 41,
    "Entry" : "zeitzone_von_1",
    "syntacticFrame" : "NPP",
    "rules" : [ {
      "grammarRuleNo" : 1,
      "grammarRules" : [ "Gib mir  Zeitzone von ($x | Town_NP) ", "Gib mir  Zeitzonen von ($x | Town_NP) ", "Gib mir alle Zeitzonen von ($x | Town_NP) ", "Liste  Zeitzonen von ($x | Town_NP) auf ", "Liste alle Zeitzonen von ($x | Town_NP) auf ", "was ist  Zeitzone von ($x | Town_NP)? ", "was ist ($x | Town_NP) s Zeitzone? ", "was sind Zeitzonen von ($x | Town_NP)? ", "was war  Zeitzone von ($x | Town_NP)? ", "was waren Zeitzonen von ($x | Town_NP)? " ],
      "bindingVariable" : "$x",
      "sparql" : "(bgp (triple ?subjOfProp <http://dbpedia.org/ontology/timeZone> ?objOfProp))\n",
      "bindingType" : "subjOfProp",
      "returnType" : "objOfProp"
    }, {
      "grammarRuleNo" : 2,
      "grammarRules" : [ " Zeitzone von ($x | Town_NP)?" ],
      "bindingVariable" : "$x",
      "sparql" : "(bgp (triple ?subjOfProp <http://dbpedia.org/ontology/timeZone> ?objOfProp))\n",
      "bindingType" : "subjOfProp",
      "returnType" : "objOfProp"
    } ]
  }, {
    "id" : 42,
    "Entry" : "zeitzone_von_2",
    "syntacticFrame" : "NPP",
    "rules" : [ {
      "grammarRuleNo" : 1,
      "grammarRules" : [ "Gib mir  Zeitzone von ($x | City_NP) ", "Gib mir  Zeitzonen von ($x | City_NP) ", "Gib mir alle Zeitzonen von ($x | City_NP) ", "Liste  Zeitzonen von ($x | City_NP) auf ", "Liste alle Zeitzonen von ($x | City_NP) auf ", "was ist  Zeitzone von ($x | City_NP)? ", "was ist ($x | City_NP) s Zeitzone? ", "was sind Zeitzonen von ($x | City_NP)? ", "was war  Zeitzone von ($x | City_NP)? ", "was waren Zeitzonen von ($x | City_NP)? " ],
      "bindingVariable" : "$x",
      "sparql" : "(bgp (triple ?subjOfProp <http://dbpedia.org/property/timezone> ?objOfProp))\n",
      "bindingType" : "subjOfProp",
      "returnType" : "objOfProp"
    }, {
      "grammarRuleNo" : 2,
      "grammarRules" : [ " Zeitzone von ($x | City_NP)?" ],
      "bindingVariable" : "$x",
      "sparql" : "(bgp (triple ?subjOfProp <http://dbpedia.org/property/timezone> ?objOfProp))\n",
      "bindingType" : "subjOfProp",
      "returnType" : "objOfProp"
    } ]
  }, {
    "id" : 43,
    "Entry" : "zutaten_von",
    "syntacticFrame" : "NPP",
    "rules" : [ {
      "grammarRuleNo" : 1,
      "grammarRules" : [ "Gib mir  Zutaten von ($x | Food_NP) ", "Gib mir alle Zutaten von ($x | Food_NP) ", "Liste  Zutaten von ($x | Food_NP) auf ", "Liste alle Zutaten von ($x | Food_NP) auf ", "was ist  Zutaten von ($x | Food_NP)? ", "was ist ($x | Food_NP) s Zutaten? ", "was sind Zutaten von ($x | Food_NP)? ", "was war  Zutaten von ($x | Food_NP)? ", "was waren Zutaten von ($x | Food_NP)? " ],
      "bindingVariable" : "$x",
      "sparql" : "(bgp (triple ?subjOfProp <http://dbpedia.org/ontology/ingredient> ?objOfProp))\n",
      "bindingType" : "subjOfProp",
      "returnType" : "objOfProp"
    }, {
      "grammarRuleNo" : 2,
      "grammarRules" : [ " Zutaten von ($x | Food_NP)?" ],
      "bindingVariable" : "$x",
      "sparql" : "(bgp (triple ?subjOfProp <http://dbpedia.org/ontology/ingredient> ?objOfProp))\n",
      "bindingType" : "subjOfProp",
      "returnType" : "objOfProp"
    } ]
  } ]
}