{
  "grammarEntries" : [ {
    "id" : 1,
    "Entry" : "ausdenkened",
    "syntacticFrame" : "APP",
    "rules" : [ {
      "grammarRuleNo" : 1,
      "grammarRules" : [ ],
      "bindingVariable" : "$x",
      "sparql" : "(bgp (triple ?subjOfProp <http://dbpedia.org/ontology/creator> ?objOfProp))\n",
      "bindingType" : "objOfProp",
      "returnType" : "subjOfProp"
    }, {
      "grammarRuleNo" : 2,
      "grammarRules" : [ ],
      "bindingVariable" : "$x",
      "sparql" : "(bgp (triple ?subjOfProp <http://dbpedia.org/ontology/creator> ?objOfProp))\n",
      "bindingType" : "objOfProp",
      "returnType" : "subjOfProp"
    } ]
  }, {
    "id" : 2,
    "Entry" : "beeinflussened",
    "syntacticFrame" : "APP",
    "rules" : [ {
      "grammarRuleNo" : 1,
      "grammarRules" : [ ],
      "bindingVariable" : "$x",
      "sparql" : "(bgp (triple ?subjOfProp <http://dbpedia.org/ontology/influencedBy> ?objOfProp))\n",
      "bindingType" : "objOfProp",
      "returnType" : "subjOfProp"
    }, {
      "grammarRuleNo" : 2,
      "grammarRules" : [ ],
      "bindingVariable" : "$x",
      "sparql" : "(bgp (triple ?subjOfProp <http://dbpedia.org/ontology/influencedBy> ?objOfProp))\n",
      "bindingType" : "objOfProp",
      "returnType" : "subjOfProp"
    } ]
  }, {
    "id" : 3,
    "Entry" : "besteigened",
    "syntacticFrame" : "APP",
    "rules" : [ {
      "grammarRuleNo" : 1,
      "grammarRules" : [ ],
      "bindingVariable" : "$x",
      "sparql" : "(bgp (triple ?subjOfProp <http://dbpedia.org/ontology/firstAscentPerson> ?objOfProp))\n",
      "bindingType" : "objOfProp",
      "returnType" : "subjOfProp"
    }, {
      "grammarRuleNo" : 2,
      "grammarRules" : [ ],
      "bindingVariable" : "$x",
      "sparql" : "(bgp (triple ?subjOfProp <http://dbpedia.org/ontology/firstAscentPerson> ?objOfProp))\n",
      "bindingType" : "objOfProp",
      "returnType" : "subjOfProp"
    } ]
  }, {
    "id" : 4,
    "Entry" : "besuchened",
    "syntacticFrame" : "APP",
    "rules" : [ {
      "grammarRuleNo" : 1,
      "grammarRules" : [ ],
      "bindingVariable" : "$x",
      "sparql" : "(bgp (triple ?subjOfProp <http://dbpedia.org/ontology/almaMater> ?objOfProp))\n",
      "bindingType" : "objOfProp",
      "returnType" : "subjOfProp"
    }, {
      "grammarRuleNo" : 2,
      "grammarRules" : [ ],
      "bindingVariable" : "$x",
      "sparql" : "(bgp (triple ?subjOfProp <http://dbpedia.org/ontology/almaMater> ?objOfProp))\n",
      "bindingType" : "objOfProp",
      "returnType" : "subjOfProp"
    } ]
  }, {
    "id" : 5,
    "Entry" : "betreibened",
    "syntacticFrame" : "APP",
    "rules" : [ {
      "grammarRuleNo" : 1,
      "grammarRules" : [ ],
      "bindingVariable" : "$x",
      "sparql" : "(bgp (triple ?subjOfProp <http://dbpedia.org/ontology/operator> ?objOfProp))\n",
      "bindingType" : "objOfProp",
      "returnType" : "subjOfProp"
    }, {
      "grammarRuleNo" : 2,
      "grammarRules" : [ ],
      "bindingVariable" : "$x",
      "sparql" : "(bgp (triple ?subjOfProp <http://dbpedia.org/ontology/operator> ?objOfProp))\n",
      "bindingType" : "objOfProp",
      "returnType" : "subjOfProp"
    } ]
  }, {
    "id" : 6,
    "Entry" : "drehened",
    "syntacticFrame" : "APP",
    "rules" : [ {
      "grammarRuleNo" : 1,
      "grammarRules" : [ ],
      "bindingVariable" : "$x",
      "sparql" : "(bgp (triple ?subjOfProp <http://dbpedia.org/ontology/director> ?objOfProp))\n",
      "bindingType" : "objOfProp",
      "returnType" : "subjOfProp"
    }, {
      "grammarRuleNo" : 2,
      "grammarRules" : [ ],
      "bindingVariable" : "$x",
      "sparql" : "(bgp (triple ?subjOfProp <http://dbpedia.org/ontology/director> ?objOfProp))\n",
      "bindingType" : "objOfProp",
      "returnType" : "subjOfProp"
    } ]
  }, {
    "id" : 7,
    "Entry" : "entdeckened",
    "syntacticFrame" : "APP",
    "rules" : [ {
      "grammarRuleNo" : 1,
      "grammarRules" : [ ],
      "bindingVariable" : "$x",
      "sparql" : "(bgp (triple ?subjOfProp <http://dbpedia.org/ontology/discoverer> ?objOfProp))\n",
      "bindingType" : "objOfProp",
      "returnType" : "subjOfProp"
    }, {
      "grammarRuleNo" : 2,
      "grammarRules" : [ ],
      "bindingVariable" : "$x",
      "sparql" : "(bgp (triple ?subjOfProp <http://dbpedia.org/ontology/discoverer> ?objOfProp))\n",
      "bindingType" : "objOfProp",
      "returnType" : "subjOfProp"
    } ]
  }, {
    "id" : 8,
    "Entry" : "entwerfen_1ed",
    "syntacticFrame" : "APP",
    "rules" : [ {
      "grammarRuleNo" : 1,
      "grammarRules" : [ ],
      "bindingVariable" : "$x",
      "sparql" : "(bgp (triple ?subjOfProp <http://dbpedia.org/ontology/architect> ?objOfProp))\n",
      "bindingType" : "objOfProp",
      "returnType" : "subjOfProp"
    }, {
      "grammarRuleNo" : 2,
      "grammarRules" : [ ],
      "bindingVariable" : "$x",
      "sparql" : "(bgp (triple ?subjOfProp <http://dbpedia.org/ontology/architect> ?objOfProp))\n",
      "bindingType" : "objOfProp",
      "returnType" : "subjOfProp"
    } ]
  }, {
    "id" : 9,
    "Entry" : "entwerfen_2ed",
    "syntacticFrame" : "APP",
    "rules" : [ {
      "grammarRuleNo" : 1,
      "grammarRules" : [ ],
      "bindingVariable" : "$x",
      "sparql" : "(bgp (triple ?subjOfProp <http://dbpedia.org/ontology/creator> ?objOfProp))\n",
      "bindingType" : "objOfProp",
      "returnType" : "subjOfProp"
    }, {
      "grammarRuleNo" : 2,
      "grammarRules" : [ ],
      "bindingVariable" : "$x",
      "sparql" : "(bgp (triple ?subjOfProp <http://dbpedia.org/ontology/creator> ?objOfProp))\n",
      "bindingType" : "objOfProp",
      "returnType" : "subjOfProp"
    } ]
  }, {
    "id" : 10,
    "Entry" : "entwerfen_3ed",
    "syntacticFrame" : "APP",
    "rules" : [ {
      "grammarRuleNo" : 1,
      "grammarRules" : [ ],
      "bindingVariable" : "$x",
      "sparql" : "(bgp (triple ?subjOfProp <http://dbpedia.org/ontology/author> ?objOfProp))\n",
      "bindingType" : "objOfProp",
      "returnType" : "subjOfProp"
    }, {
      "grammarRuleNo" : 2,
      "grammarRules" : [ ],
      "bindingVariable" : "$x",
      "sparql" : "(bgp (triple ?subjOfProp <http://dbpedia.org/ontology/author> ?objOfProp))\n",
      "bindingType" : "objOfProp",
      "returnType" : "subjOfProp"
    } ]
  }, {
    "id" : 11,
    "Entry" : "entwickelned",
    "syntacticFrame" : "APP",
    "rules" : [ {
      "grammarRuleNo" : 1,
      "grammarRules" : [ ],
      "bindingVariable" : "$x",
      "sparql" : "(bgp (triple ?subjOfProp <http://dbpedia.org/ontology/product> ?objOfProp))\n",
      "bindingType" : "objOfProp",
      "returnType" : "subjOfProp"
    }, {
      "grammarRuleNo" : 2,
      "grammarRules" : [ ],
      "bindingVariable" : "$x",
      "sparql" : "(bgp (triple ?subjOfProp <http://dbpedia.org/ontology/product> ?objOfProp))\n",
      "bindingType" : "objOfProp",
      "returnType" : "subjOfProp"
    } ]
  }, {
    "id" : 12,
    "Entry" : "erfindened",
    "syntacticFrame" : "APP",
    "rules" : [ {
      "grammarRuleNo" : 1,
      "grammarRules" : [ ],
      "bindingVariable" : "$x",
      "sparql" : "(bgp (triple ?subjOfProp <http://dbpedia.org/ontology/creator> ?objOfProp))\n",
      "bindingType" : "objOfProp",
      "returnType" : "subjOfProp"
    }, {
      "grammarRuleNo" : 2,
      "grammarRules" : [ ],
      "bindingVariable" : "$x",
      "sparql" : "(bgp (triple ?subjOfProp <http://dbpedia.org/ontology/creator> ?objOfProp))\n",
      "bindingType" : "objOfProp",
      "returnType" : "subjOfProp"
    } ]
  }, {
    "id" : 13,
    "Entry" : "gewinnened",
    "syntacticFrame" : "APP",
    "rules" : [ {
      "grammarRuleNo" : 1,
      "grammarRules" : [ ],
      "bindingVariable" : "$x",
      "sparql" : "(bgp (triple ?subjOfProp <http://dbpedia.org/ontology/award> ?objOfProp))\n",
      "bindingType" : "objOfProp",
      "returnType" : "subjOfProp"
    }, {
      "grammarRuleNo" : 2,
      "grammarRules" : [ ],
      "bindingVariable" : "$x",
      "sparql" : "(bgp (triple ?subjOfProp <http://dbpedia.org/ontology/award> ?objOfProp))\n",
      "bindingType" : "objOfProp",
      "returnType" : "subjOfProp"
    } ]
  }, {
    "id" : 14,
    "Entry" : "gründen_1ed",
    "syntacticFrame" : "APP",
    "rules" : [ {
      "grammarRuleNo" : 1,
      "grammarRules" : [ ],
      "bindingVariable" : "$x",
      "sparql" : "(bgp (triple ?subjOfProp <http://dbpedia.org/ontology/foundedBy> ?objOfProp))\n",
      "bindingType" : "objOfProp",
      "returnType" : "subjOfProp"
    }, {
      "grammarRuleNo" : 2,
      "grammarRules" : [ ],
      "bindingVariable" : "$x",
      "sparql" : "(bgp (triple ?subjOfProp <http://dbpedia.org/ontology/foundedBy> ?objOfProp))\n",
      "bindingType" : "objOfProp",
      "returnType" : "subjOfProp"
    } ]
  }, {
    "id" : 15,
    "Entry" : "gründen_2ed",
    "syntacticFrame" : "APP",
    "rules" : [ {
      "grammarRuleNo" : 1,
      "grammarRules" : [ ],
      "bindingVariable" : "$x",
      "sparql" : "(bgp (triple ?subjOfProp <http://dbpedia.org/ontology/author> ?objOfProp))\n",
      "bindingType" : "objOfProp",
      "returnType" : "subjOfProp"
    }, {
      "grammarRuleNo" : 2,
      "grammarRules" : [ ],
      "bindingVariable" : "$x",
      "sparql" : "(bgp (triple ?subjOfProp <http://dbpedia.org/ontology/author> ?objOfProp))\n",
      "bindingType" : "objOfProp",
      "returnType" : "subjOfProp"
    } ]
  }, {
    "id" : 16,
    "Entry" : "gründen_3ed",
    "syntacticFrame" : "APP",
    "rules" : [ {
      "grammarRuleNo" : 1,
      "grammarRules" : [ ],
      "bindingVariable" : "$x",
      "sparql" : "(bgp (triple ?subjOfProp <http://dbpedia.org/ontology/founder> ?objOfProp))\n",
      "bindingType" : "objOfProp",
      "returnType" : "subjOfProp"
    }, {
      "grammarRuleNo" : 2,
      "grammarRules" : [ ],
      "bindingVariable" : "$x",
      "sparql" : "(bgp (triple ?subjOfProp <http://dbpedia.org/ontology/founder> ?objOfProp))\n",
      "bindingType" : "objOfProp",
      "returnType" : "subjOfProp"
    } ]
  }, {
    "id" : 17,
    "Entry" : "heiratened",
    "syntacticFrame" : "APP",
    "rules" : [ {
      "grammarRuleNo" : 1,
      "grammarRules" : [ ],
      "bindingVariable" : "$x",
      "sparql" : "(bgp (triple ?subjOfProp <http://dbpedia.org/ontology/spouse> ?objOfProp))\n",
      "bindingType" : "objOfProp",
      "returnType" : "subjOfProp"
    }, {
      "grammarRuleNo" : 2,
      "grammarRules" : [ ],
      "bindingVariable" : "$x",
      "sparql" : "(bgp (triple ?subjOfProp <http://dbpedia.org/ontology/spouse> ?objOfProp))\n",
      "bindingType" : "objOfProp",
      "returnType" : "subjOfProp"
    } ]
  }, {
    "id" : 18,
    "Entry" : "inspirierened",
    "syntacticFrame" : "APP",
    "rules" : [ {
      "grammarRuleNo" : 1,
      "grammarRules" : [ ],
      "bindingVariable" : "$x",
      "sparql" : "(bgp (triple ?subjOfProp <http://dbpedia.org/ontology/influenced> ?objOfProp))\n",
      "bindingType" : "objOfProp",
      "returnType" : "subjOfProp"
    }, {
      "grammarRuleNo" : 2,
      "grammarRules" : [ ],
      "bindingVariable" : "$x",
      "sparql" : "(bgp (triple ?subjOfProp <http://dbpedia.org/ontology/influenced> ?objOfProp))\n",
      "bindingType" : "objOfProp",
      "returnType" : "subjOfProp"
    } ]
  }, {
    "id" : 19,
    "Entry" : "komponierened",
    "syntacticFrame" : "APP",
    "rules" : [ {
      "grammarRuleNo" : 1,
      "grammarRules" : [ ],
      "bindingVariable" : "$x",
      "sparql" : "(bgp (triple ?subjOfProp <http://dbpedia.org/ontology/musicComposer> ?objOfProp))\n",
      "bindingType" : "objOfProp",
      "returnType" : "subjOfProp"
    }, {
      "grammarRuleNo" : 2,
      "grammarRules" : [ ],
      "bindingVariable" : "$x",
      "sparql" : "(bgp (triple ?subjOfProp <http://dbpedia.org/ontology/musicComposer> ?objOfProp))\n",
      "bindingType" : "objOfProp",
      "returnType" : "subjOfProp"
    } ]
  }, {
    "id" : 20,
    "Entry" : "kostened",
    "syntacticFrame" : "APP",
    "rules" : [ {
      "grammarRuleNo" : 1,
      "grammarRules" : [ ],
      "bindingVariable" : "$x",
      "sparql" : "(bgp (triple ?subjOfProp <http://dbpedia.org/ontology/budget> ?objOfProp))\n",
      "bindingType" : "objOfProp",
      "returnType" : "subjOfProp"
    }, {
      "grammarRuleNo" : 2,
      "grammarRules" : [ ],
      "bindingVariable" : "$x",
      "sparql" : "(bgp (triple ?subjOfProp <http://dbpedia.org/ontology/budget> ?objOfProp))\n",
      "bindingType" : "objOfProp",
      "returnType" : "subjOfProp"
    } ]
  }, {
    "id" : 21,
    "Entry" : "malened",
    "syntacticFrame" : "APP",
    "rules" : [ {
      "grammarRuleNo" : 1,
      "grammarRules" : [ ],
      "bindingVariable" : "$x",
      "sparql" : "(bgp (triple ?subjOfProp <http://dbpedia.org/property/artist> ?objOfProp))\n",
      "bindingType" : "objOfProp",
      "returnType" : "subjOfProp"
    }, {
      "grammarRuleNo" : 2,
      "grammarRules" : [ ],
      "bindingVariable" : "$x",
      "sparql" : "(bgp (triple ?subjOfProp <http://dbpedia.org/property/artist> ?objOfProp))\n",
      "bindingType" : "objOfProp",
      "returnType" : "subjOfProp"
    } ]
  }, {
    "id" : 22,
    "Entry" : "moderateed",
    "syntacticFrame" : "APP",
    "rules" : [ {
      "grammarRuleNo" : 1,
      "grammarRules" : [ ],
      "bindingVariable" : "$x",
      "sparql" : "(bgp (triple ?subjOfProp <http://dbpedia.org/ontology/presenter> ?objOfProp))\n",
      "bindingType" : "objOfProp",
      "returnType" : "subjOfProp"
    }, {
      "grammarRuleNo" : 2,
      "grammarRules" : [ ],
      "bindingVariable" : "$x",
      "sparql" : "(bgp (triple ?subjOfProp <http://dbpedia.org/ontology/presenter> ?objOfProp))\n",
      "bindingType" : "objOfProp",
      "returnType" : "subjOfProp"
    } ]
  }, {
    "id" : 23,
    "Entry" : "nennened",
    "syntacticFrame" : "APP",
    "rules" : [ {
      "grammarRuleNo" : 1,
      "grammarRules" : [ ],
      "bindingVariable" : "$x",
      "sparql" : "(bgp (triple ?subjOfProp <http://dbpedia.org/property/nickname> ?objOfProp))\n",
      "bindingType" : "objOfProp",
      "returnType" : "subjOfProp"
    }, {
      "grammarRuleNo" : 2,
      "grammarRules" : [ ],
      "bindingVariable" : "$x",
      "sparql" : "(bgp (triple ?subjOfProp <http://dbpedia.org/property/nickname> ?objOfProp))\n",
      "bindingType" : "objOfProp",
      "returnType" : "subjOfProp"
    } ]
  }, {
    "id" : 24,
    "Entry" : "schreiben_1ed",
    "syntacticFrame" : "APP",
    "rules" : [ {
      "grammarRuleNo" : 1,
      "grammarRules" : [ ],
      "bindingVariable" : "$x",
      "sparql" : "(bgp (triple ?subjOfProp <http://dbpedia.org/ontology/writer> ?objOfProp))\n",
      "bindingType" : "objOfProp",
      "returnType" : "subjOfProp"
    }, {
      "grammarRuleNo" : 2,
      "grammarRules" : [ ],
      "bindingVariable" : "$x",
      "sparql" : "(bgp (triple ?subjOfProp <http://dbpedia.org/ontology/writer> ?objOfProp))\n",
      "bindingType" : "objOfProp",
      "returnType" : "subjOfProp"
    } ]
  }, {
    "id" : 25,
    "Entry" : "schreiben_2ed",
    "syntacticFrame" : "APP",
    "rules" : [ {
      "grammarRuleNo" : 1,
      "grammarRules" : [ ],
      "bindingVariable" : "$x",
      "sparql" : "(bgp (triple ?subjOfProp <http://dbpedia.org/ontology/composer> ?objOfProp))\n",
      "bindingType" : "objOfProp",
      "returnType" : "subjOfProp"
    }, {
      "grammarRuleNo" : 2,
      "grammarRules" : [ ],
      "bindingVariable" : "$x",
      "sparql" : "(bgp (triple ?subjOfProp <http://dbpedia.org/ontology/composer> ?objOfProp))\n",
      "bindingType" : "objOfProp",
      "returnType" : "subjOfProp"
    } ]
  }, {
    "id" : 26,
    "Entry" : "schreiben_3ed",
    "syntacticFrame" : "APP",
    "rules" : [ {
      "grammarRuleNo" : 1,
      "grammarRules" : [ ],
      "bindingVariable" : "$x",
      "sparql" : "(bgp (triple ?subjOfProp <http://dbpedia.org/ontology/musicComposer> ?objOfProp))\n",
      "bindingType" : "objOfProp",
      "returnType" : "subjOfProp"
    }, {
      "grammarRuleNo" : 2,
      "grammarRules" : [ ],
      "bindingVariable" : "$x",
      "sparql" : "(bgp (triple ?subjOfProp <http://dbpedia.org/ontology/musicComposer> ?objOfProp))\n",
      "bindingType" : "objOfProp",
      "returnType" : "subjOfProp"
    } ]
  }, {
    "id" : 27,
    "Entry" : "schreiben_5ed",
    "syntacticFrame" : "APP",
    "rules" : [ {
      "grammarRuleNo" : 1,
      "grammarRules" : [ ],
      "bindingVariable" : "$x",
      "sparql" : "(bgp (triple ?subjOfProp <http://dbpedia.org/ontology/author> ?objOfProp))\n",
      "bindingType" : "objOfProp",
      "returnType" : "subjOfProp"
    }, {
      "grammarRuleNo" : 2,
      "grammarRules" : [ ],
      "bindingVariable" : "$x",
      "sparql" : "(bgp (triple ?subjOfProp <http://dbpedia.org/ontology/author> ?objOfProp))\n",
      "bindingType" : "objOfProp",
      "returnType" : "subjOfProp"
    } ]
  }, {
    "id" : 28,
    "Entry" : "spielen_1ed",
    "syntacticFrame" : "APP",
    "rules" : [ {
      "grammarRuleNo" : 1,
      "grammarRules" : [ ],
      "bindingVariable" : "$x",
      "sparql" : "(bgp (triple ?subjOfProp <http://dbpedia.org/property/portrayer> ?objOfProp))\n",
      "bindingType" : "objOfProp",
      "returnType" : "subjOfProp"
    }, {
      "grammarRuleNo" : 2,
      "grammarRules" : [ ],
      "bindingVariable" : "$x",
      "sparql" : "(bgp (triple ?subjOfProp <http://dbpedia.org/property/portrayer> ?objOfProp))\n",
      "bindingType" : "objOfProp",
      "returnType" : "subjOfProp"
    } ]
  }, {
    "id" : 29,
    "Entry" : "spielen_2ed",
    "syntacticFrame" : "APP",
    "rules" : [ {
      "grammarRuleNo" : 1,
      "grammarRules" : [ ],
      "bindingVariable" : "$x",
      "sparql" : "(bgp (triple ?subjOfProp <http://dbpedia.org/property/portrayer> ?objOfProp))\n",
      "bindingType" : "objOfProp",
      "returnType" : "subjOfProp"
    }, {
      "grammarRuleNo" : 2,
      "grammarRules" : [ ],
      "bindingVariable" : "$x",
      "sparql" : "(bgp (triple ?subjOfProp <http://dbpedia.org/property/portrayer> ?objOfProp))\n",
      "bindingType" : "objOfProp",
      "returnType" : "subjOfProp"
    } ]
  }, {
    "id" : 30,
    "Entry" : "stellened",
    "syntacticFrame" : "APP",
    "rules" : [ {
      "grammarRuleNo" : 1,
      "grammarRules" : [ ],
      "bindingVariable" : "$x",
      "sparql" : "(bgp (triple ?subjOfProp <http://dbpedia.org/ontology/product> ?objOfProp))\n",
      "bindingType" : "objOfProp",
      "returnType" : "subjOfProp"
    }, {
      "grammarRuleNo" : 2,
      "grammarRules" : [ ],
      "bindingVariable" : "$x",
      "sparql" : "(bgp (triple ?subjOfProp <http://dbpedia.org/ontology/product> ?objOfProp))\n",
      "bindingType" : "objOfProp",
      "returnType" : "subjOfProp"
    } ]
  }, {
    "id" : 31,
    "Entry" : "to_ausdenken",
    "syntacticFrame" : "VP",
    "rules" : [ {
      "grammarRuleNo" : 1,
      "grammarRules" : [ "wer denkt ($x | TelevisionShow_NP) aus?", "wer hat ($x | TelevisionShow_NP) ausgedacht?", "wer hat sich ($x | TelevisionShow_NP) ausgedacht?", "wer ist ($x | TelevisionShow_NP) ausgedacht?" ],
      "bindingVariable" : "$x",
      "sparql" : "(bgp (triple ?subjOfProp <http://dbpedia.org/ontology/creator> ?objOfProp))\n",
      "bindingType" : "subjOfProp",
      "returnType" : "objOfProp"
    }, {
      "grammarRuleNo" : 2,
      "grammarRules" : [ "was wird von ($x | Person_NP) ausgedacht?" ],
      "bindingVariable" : "$x",
      "sparql" : "(bgp (triple ?subjOfProp <http://dbpedia.org/ontology/creator> ?objOfProp))\n",
      "bindingType" : "objOfProp",
      "returnType" : "subjOfProp"
    }, {
      "grammarRuleNo" : 3,
      "grammarRules" : [ ],
      "bindingVariable" : "$x",
      "sparql" : "(bgp (triple ?subjOfProp <http://dbpedia.org/ontology/creator> ?objOfProp))\n",
      "bindingType" : "subjOfProp",
      "returnType" : "objOfProp"
    }, {
      "grammarRuleNo" : 4,
      "grammarRules" : [ "wer denkt ($x | TelevisionShow_NP) aus?", "wer hat ($x | TelevisionShow_NP) ausgedacht?", "wer hat sich ($x | TelevisionShow_NP) ausgedacht?", "wer ist ($x | TelevisionShow_NP) ausgedacht?" ],
      "bindingVariable" : "$x",
      "sparql" : "(bgp (triple ?subjOfProp <http://dbpedia.org/ontology/creator> ?objOfProp))\n",
      "bindingType" : "subjOfProp",
      "returnType" : "objOfProp"
    }, {
      "grammarRuleNo" : 5,
      "grammarRules" : [ "was wird von ($x | Person_NP) ausgedacht?" ],
      "bindingVariable" : "$x",
      "sparql" : "(bgp (triple ?subjOfProp <http://dbpedia.org/ontology/creator> ?objOfProp))\n",
      "bindingType" : "objOfProp",
      "returnType" : "subjOfProp"
    }, {
      "grammarRuleNo" : 6,
      "grammarRules" : [ ],
      "bindingVariable" : "$x",
      "sparql" : "(bgp (triple ?subjOfProp <http://dbpedia.org/ontology/creator> ?objOfProp))\n",
      "bindingType" : "subjOfProp",
      "returnType" : "objOfProp"
    } ]
  }, {
    "id" : 32,
    "Entry" : "to_beeinflussen",
    "syntacticFrame" : "VP",
    "rules" : [ {
      "grammarRuleNo" : 1,
      "grammarRules" : [ " Personen beeinflussen ($x | Person_NP)?", "welche Person beeinflusste ($x | Person_NP)?", "wer beeinflussen ($x | Person_NP)?", "wer hat ($x | Person_NP) beeinflusst?" ],
      "bindingVariable" : "$x",
      "sparql" : "(bgp (triple ?subjOfProp <http://dbpedia.org/ontology/influencedBy> ?objOfProp))\n",
      "bindingType" : "subjOfProp",
      "returnType" : "objOfProp"
    }, {
      "grammarRuleNo" : 2,
      "grammarRules" : [ "Wen hat ($x | Person_NP) beeinflusst?", "Wen hatte ($x | Person_NP) beeinflusst?" ],
      "bindingVariable" : "$x",
      "sparql" : "(bgp (triple ?subjOfProp <http://dbpedia.org/ontology/influencedBy> ?objOfProp))\n",
      "bindingType" : "objOfProp",
      "returnType" : "subjOfProp"
    }, {
      "grammarRuleNo" : 3,
      "grammarRules" : [ ],
      "bindingVariable" : "$x",
      "sparql" : "(bgp (triple ?subjOfProp <http://dbpedia.org/ontology/influencedBy> ?objOfProp))\n",
      "bindingType" : "subjOfProp",
      "returnType" : "objOfProp"
    } ]
  }, {
    "id" : 33,
    "Entry" : "to_besteigen",
    "syntacticFrame" : "VP",
    "rules" : [ {
      "grammarRuleNo" : 1,
      "grammarRules" : [ " Personen besteigen ($x | Mountain_NP)?", "Gib mir alle von ($x | Mountain_NP) bestiegen Berg", "Gib mir alle von ($x | Mountain_NP) bestiegen Berge", "welche Person bestieg ($x | Mountain_NP)?", "welche Person hat ($x | Mountain_NP) bestiegen?", "wer besteigen ($x | Mountain_NP)?", "wer hat ($x | Mountain_NP) bestiegen?" ],
      "bindingVariable" : "$x",
      "sparql" : "(bgp (triple ?subjOfProp <http://dbpedia.org/ontology/firstAscentPerson> ?objOfProp))\n",
      "bindingType" : "subjOfProp",
      "returnType" : "objOfProp"
    }, {
      "grammarRuleNo" : 2,
      "grammarRules" : [ "was war mit ($x | Mountain_NP) bestiegen?", "was wird von ($x | Person_NP) bestiegen?", "was wurde von ($x | Person_NP) bestiegen?", "welche Berg wird von ($x | Person_NP) bestiegen?", "welche Berg wurde von ($x | Person_NP) bestiegen?", "welche Berge wird von ($x | Person_NP) bestiegen?", "welche Berge wurde von ($x | Person_NP) bestiegen?" ],
      "bindingVariable" : "$x",
      "sparql" : "(bgp (triple ?subjOfProp <http://dbpedia.org/ontology/firstAscentPerson> ?objOfProp))\n",
      "bindingType" : "objOfProp",
      "returnType" : "subjOfProp"
    }, {
      "grammarRuleNo" : 3,
      "grammarRules" : [ ],
      "bindingVariable" : "$x",
      "sparql" : "(bgp (triple ?subjOfProp <http://dbpedia.org/ontology/firstAscentPerson> ?objOfProp))\n",
      "bindingType" : "subjOfProp",
      "returnType" : "objOfProp"
    } ]
  }, {
    "id" : 34,
    "Entry" : "to_besuchen",
    "syntacticFrame" : "VP",
    "rules" : [ {
      "grammarRuleNo" : 1,
      "grammarRules" : [ "wer besuchen ($x | Person_NP)?", "wer hat ($x | Person_NP) besucht?" ],
      "bindingVariable" : "$x",
      "sparql" : "(bgp (triple ?subjOfProp <http://dbpedia.org/ontology/almaMater> ?objOfProp))\n",
      "bindingType" : "subjOfProp",
      "returnType" : "objOfProp"
    }, {
      "grammarRuleNo" : 2,
      "grammarRules" : [ "Wen hat ($x | Person_NP) besucht?", "Wen hatte ($x | Person_NP) besucht?" ],
      "bindingVariable" : "$x",
      "sparql" : "(bgp (triple ?subjOfProp <http://dbpedia.org/ontology/almaMater> ?objOfProp))\n",
      "bindingType" : "objOfProp",
      "returnType" : "subjOfProp"
    }, {
      "grammarRuleNo" : 3,
      "grammarRules" : [ ],
      "bindingVariable" : "$x",
      "sparql" : "(bgp (triple ?subjOfProp <http://dbpedia.org/ontology/almaMater> ?objOfProp))\n",
      "bindingType" : "subjOfProp",
      "returnType" : "objOfProp"
    } ]
  }, {
    "id" : 35,
    "Entry" : "to_betreiben",
    "syntacticFrame" : "VP",
    "rules" : [ {
      "grammarRuleNo" : 1,
      "grammarRules" : [ ],
      "bindingVariable" : "$x",
      "sparql" : "(bgp (triple ?subjOfProp <http://dbpedia.org/ontology/operator> ?objOfProp))\n",
      "bindingType" : "objOfProp",
      "returnType" : "subjOfProp"
    }, {
      "grammarRuleNo" : 2,
      "grammarRules" : [ ],
      "bindingVariable" : "$x",
      "sparql" : "(bgp (triple ?subjOfProp <http://dbpedia.org/ontology/operator> ?objOfProp))\n",
      "bindingType" : "subjOfProp",
      "returnType" : "objOfProp"
    }, {
      "grammarRuleNo" : 3,
      "grammarRules" : [ ],
      "bindingVariable" : "$x",
      "sparql" : "(bgp (triple ?subjOfProp <http://dbpedia.org/ontology/operator> ?objOfProp))\n",
      "bindingType" : "objOfProp",
      "returnType" : "subjOfProp"
    }, {
      "grammarRuleNo" : 4,
      "grammarRules" : [ ],
      "bindingVariable" : "$x",
      "sparql" : "(bgp (triple ?subjOfProp <http://dbpedia.org/ontology/operator> ?objOfProp))\n",
      "bindingType" : "objOfProp",
      "returnType" : "subjOfProp"
    }, {
      "grammarRuleNo" : 5,
      "grammarRules" : [ ],
      "bindingVariable" : "$x",
      "sparql" : "(bgp (triple ?subjOfProp <http://dbpedia.org/ontology/operator> ?objOfProp))\n",
      "bindingType" : "subjOfProp",
      "returnType" : "objOfProp"
    }, {
      "grammarRuleNo" : 6,
      "grammarRules" : [ ],
      "bindingVariable" : "$x",
      "sparql" : "(bgp (triple ?subjOfProp <http://dbpedia.org/ontology/operator> ?objOfProp))\n",
      "bindingType" : "objOfProp",
      "returnType" : "subjOfProp"
    } ]
  }, {
    "id" : 36,
    "Entry" : "to_drehen",
    "syntacticFrame" : "VP",
    "rules" : [ {
      "grammarRuleNo" : 1,
      "grammarRules" : [ " Personen drehen ($x | Film_NP)?", "welche Person drehte ($x | Film_NP)?", "welche Person hat ($x | Film_NP) gedreht?", "wer drehen ($x | Film_NP)?", "wer hat ($x | Film_NP) gedreht?" ],
      "bindingVariable" : "$x",
      "sparql" : "(bgp (triple ?subjOfProp <http://dbpedia.org/ontology/director> ?objOfProp))\n",
      "bindingType" : "subjOfProp",
      "returnType" : "objOfProp"
    }, {
      "grammarRuleNo" : 2,
      "grammarRules" : [ "was war mit ($x | Film_NP) gedreht?", "was wird von ($x | Person_NP) gedreht?", "was wurde von ($x | Person_NP) gedreht?" ],
      "bindingVariable" : "$x",
      "sparql" : "(bgp (triple ?subjOfProp <http://dbpedia.org/ontology/director> ?objOfProp))\n",
      "bindingType" : "objOfProp",
      "returnType" : "subjOfProp"
    }, {
      "grammarRuleNo" : 3,
      "grammarRules" : [ ],
      "bindingVariable" : "$x",
      "sparql" : "(bgp (triple ?subjOfProp <http://dbpedia.org/ontology/director> ?objOfProp))\n",
      "bindingType" : "subjOfProp",
      "returnType" : "objOfProp"
    } ]
  }, {
    "id" : 37,
    "Entry" : "to_entdecken",
    "syntacticFrame" : "VP",
    "rules" : [ {
      "grammarRuleNo" : 1,
      "grammarRules" : [ " Personen entdecken ($x | CelestialBody_NP)?", "welche Person entdeckte ($x | CelestialBody_NP)?", "welche Person hat ($x | CelestialBody_NP) entdeckt?", "wer entdecken ($x | CelestialBody_NP)?", "wer hat ($x | CelestialBody_NP) entdeckt?" ],
      "bindingVariable" : "$x",
      "sparql" : "(bgp (triple ?subjOfProp <http://dbpedia.org/ontology/discoverer> ?objOfProp))\n",
      "bindingType" : "subjOfProp",
      "returnType" : "objOfProp"
    }, {
      "grammarRuleNo" : 2,
      "grammarRules" : [ "was war mit ($x | CelestialBody_NP) entdeckt?", "was wird von ($x | Person_NP) entdeckt?", "was wurde von ($x | Person_NP) entdeckt?" ],
      "bindingVariable" : "$x",
      "sparql" : "(bgp (triple ?subjOfProp <http://dbpedia.org/ontology/discoverer> ?objOfProp))\n",
      "bindingType" : "objOfProp",
      "returnType" : "subjOfProp"
    }, {
      "grammarRuleNo" : 3,
      "grammarRules" : [ ],
      "bindingVariable" : "$x",
      "sparql" : "(bgp (triple ?subjOfProp <http://dbpedia.org/ontology/discoverer> ?objOfProp))\n",
      "bindingType" : "subjOfProp",
      "returnType" : "objOfProp"
    } ]
  }, {
    "id" : 38,
    "Entry" : "to_entwerfen_1",
    "syntacticFrame" : "VP",
    "rules" : [ {
      "grammarRuleNo" : 1,
      "grammarRules" : [ " Personen entwerfen ($x | Bridge_NP)?", "welche Person entwarf ($x | Bridge_NP)?", "welche Person hat ($x | Bridge_NP) entworfen?", "wer entwerfen ($x | Bridge_NP)?", "wer hat ($x | Bridge_NP) entworfen?" ],
      "bindingVariable" : "$x",
      "sparql" : "(bgp (triple ?subjOfProp <http://dbpedia.org/ontology/architect> ?objOfProp))\n",
      "bindingType" : "subjOfProp",
      "returnType" : "objOfProp"
    }, {
      "grammarRuleNo" : 2,
      "grammarRules" : [ "was war mit ($x | Bridge_NP) entworfen?", "was wird von ($x | Person_NP) entworfen?", "was wurde von ($x | Person_NP) entworfen?" ],
      "bindingVariable" : "$x",
      "sparql" : "(bgp (triple ?subjOfProp <http://dbpedia.org/ontology/architect> ?objOfProp))\n",
      "bindingType" : "objOfProp",
      "returnType" : "subjOfProp"
    }, {
      "grammarRuleNo" : 3,
      "grammarRules" : [ ],
      "bindingVariable" : "$x",
      "sparql" : "(bgp (triple ?subjOfProp <http://dbpedia.org/ontology/architect> ?objOfProp))\n",
      "bindingType" : "subjOfProp",
      "returnType" : "objOfProp"
    } ]
  }, {
    "id" : 39,
    "Entry" : "to_entwerfen_2",
    "syntacticFrame" : "VP",
    "rules" : [ {
      "grammarRuleNo" : 1,
      "grammarRules" : [ "wer entwerfen ($x | TelevisionShow_NP)?", "wer hat ($x | TelevisionShow_NP) entworfen?" ],
      "bindingVariable" : "$x",
      "sparql" : "(bgp (triple ?subjOfProp <http://dbpedia.org/ontology/creator> ?objOfProp))\n",
      "bindingType" : "subjOfProp",
      "returnType" : "objOfProp"
    }, {
      "grammarRuleNo" : 2,
      "grammarRules" : [ "was war mit ($x | TelevisionShow_NP) entworfen?", "was wird von ($x | Agent_NP) entworfen?", "was wurde von ($x | Agent_NP) entworfen?" ],
      "bindingVariable" : "$x",
      "sparql" : "(bgp (triple ?subjOfProp <http://dbpedia.org/ontology/creator> ?objOfProp))\n",
      "bindingType" : "objOfProp",
      "returnType" : "subjOfProp"
    }, {
      "grammarRuleNo" : 3,
      "grammarRules" : [ ],
      "bindingVariable" : "$x",
      "sparql" : "(bgp (triple ?subjOfProp <http://dbpedia.org/ontology/creator> ?objOfProp))\n",
      "bindingType" : "subjOfProp",
      "returnType" : "objOfProp"
    } ]
  }, {
    "id" : 40,
    "Entry" : "to_entwerfen_3",
    "syntacticFrame" : "VP",
    "rules" : [ {
      "grammarRuleNo" : 1,
      "grammarRules" : [ " Personen entwerfen ($x | Website_NP)?", "welche Person entwarf ($x | Website_NP)?", "welche Person hat ($x | Website_NP) entworfen?", "wer entwerfen ($x | Website_NP)?", "wer hat ($x | Website_NP) entworfen?" ],
      "bindingVariable" : "$x",
      "sparql" : "(bgp (triple ?subjOfProp <http://dbpedia.org/ontology/author> ?objOfProp))\n",
      "bindingType" : "subjOfProp",
      "returnType" : "objOfProp"
    }, {
      "grammarRuleNo" : 2,
      "grammarRules" : [ "was war mit ($x | Website_NP) entworfen?", "was wird von ($x | Person_NP) entworfen?", "was wurde von ($x | Person_NP) entworfen?" ],
      "bindingVariable" : "$x",
      "sparql" : "(bgp (triple ?subjOfProp <http://dbpedia.org/ontology/author> ?objOfProp))\n",
      "bindingType" : "objOfProp",
      "returnType" : "subjOfProp"
    }, {
      "grammarRuleNo" : 3,
      "grammarRules" : [ ],
      "bindingVariable" : "$x",
      "sparql" : "(bgp (triple ?subjOfProp <http://dbpedia.org/ontology/author> ?objOfProp))\n",
      "bindingType" : "subjOfProp",
      "returnType" : "objOfProp"
    } ]
  }, {
    "id" : 41,
    "Entry" : "to_entwickeln",
    "syntacticFrame" : "VP",
    "rules" : [ {
      "grammarRuleNo" : 1,
      "grammarRules" : [ ],
      "bindingVariable" : "$x",
      "sparql" : "(bgp (triple ?subjOfProp <http://dbpedia.org/ontology/product> ?objOfProp))\n",
      "bindingType" : "objOfProp",
      "returnType" : "subjOfProp"
    }, {
      "grammarRuleNo" : 2,
      "grammarRules" : [ ],
      "bindingVariable" : "$x",
      "sparql" : "(bgp (triple ?subjOfProp <http://dbpedia.org/ontology/product> ?objOfProp))\n",
      "bindingType" : "subjOfProp",
      "returnType" : "objOfProp"
    }, {
      "grammarRuleNo" : 3,
      "grammarRules" : [ ],
      "bindingVariable" : "$x",
      "sparql" : "(bgp (triple ?subjOfProp <http://dbpedia.org/ontology/product> ?objOfProp))\n",
      "bindingType" : "objOfProp",
      "returnType" : "subjOfProp"
    } ]
  }, {
    "id" : 42,
    "Entry" : "to_erfinden",
    "syntacticFrame" : "VP",
    "rules" : [ {
      "grammarRuleNo" : 1,
      "grammarRules" : [ " Personen erfinden ($x | TelevisionShow_NP)?", "welche Person erfand ($x | TelevisionShow_NP)?", "welche Person hat ($x | TelevisionShow_NP) erfunden?", "wer erfinden ($x | TelevisionShow_NP)?", "wer hat ($x | TelevisionShow_NP) erfunden?" ],
      "bindingVariable" : "$x",
      "sparql" : "(bgp (triple ?subjOfProp <http://dbpedia.org/ontology/creator> ?objOfProp))\n",
      "bindingType" : "subjOfProp",
      "returnType" : "objOfProp"
    }, {
      "grammarRuleNo" : 2,
      "grammarRules" : [ "was war mit ($x | TelevisionShow_NP) erfunden?", "was wird von ($x | Person_NP) erfunden?", "was wurde von ($x | Person_NP) erfunden?" ],
      "bindingVariable" : "$x",
      "sparql" : "(bgp (triple ?subjOfProp <http://dbpedia.org/ontology/creator> ?objOfProp))\n",
      "bindingType" : "objOfProp",
      "returnType" : "subjOfProp"
    }, {
      "grammarRuleNo" : 3,
      "grammarRules" : [ ],
      "bindingVariable" : "$x",
      "sparql" : "(bgp (triple ?subjOfProp <http://dbpedia.org/ontology/creator> ?objOfProp))\n",
      "bindingType" : "subjOfProp",
      "returnType" : "objOfProp"
    } ]
  }, {
    "id" : 43,
    "Entry" : "to_gewinnen",
    "syntacticFrame" : "VP",
    "rules" : [ {
      "grammarRuleNo" : 1,
      "grammarRules" : [ "was gewinnen ($x | Scientist_NP)?", "was hat ($x | Scientist_NP) gewonnen?" ],
      "bindingVariable" : "$x",
      "sparql" : "(bgp (triple ?subjOfProp <http://dbpedia.org/ontology/award> ?objOfProp))\n",
      "bindingType" : "subjOfProp",
      "returnType" : "objOfProp"
    }, {
      "grammarRuleNo" : 2,
      "grammarRules" : [ "wer war mit ($x | Scientist_NP) gewonnen?", "wer wird von ($x | Award_NP) gewonnen?", "wer wurde von ($x | Award_NP) gewonnen?" ],
      "bindingVariable" : "$x",
      "sparql" : "(bgp (triple ?subjOfProp <http://dbpedia.org/ontology/award> ?objOfProp))\n",
      "bindingType" : "objOfProp",
      "returnType" : "subjOfProp"
    }, {
      "grammarRuleNo" : 3,
      "grammarRules" : [ ],
      "bindingVariable" : "$x",
      "sparql" : "(bgp (triple ?subjOfProp <http://dbpedia.org/ontology/award> ?objOfProp))\n",
      "bindingType" : "subjOfProp",
      "returnType" : "objOfProp"
    } ]
  }, {
    "id" : 44,
    "Entry" : "to_gründen_1",
    "syntacticFrame" : "VP",
    "rules" : [ {
      "grammarRuleNo" : 1,
      "grammarRules" : [ "wer gründen ($x | Pope_NP)?", "wer hat ($x | Pope_NP) gegründet?" ],
      "bindingVariable" : "$x",
      "sparql" : "(bgp (triple ?subjOfProp <http://dbpedia.org/ontology/foundedBy> ?objOfProp))\n",
      "bindingType" : "objOfProp",
      "returnType" : "subjOfProp"
    }, {
      "grammarRuleNo" : 2,
      "grammarRules" : [ "Wen hat ($x | Pope_NP) gegründet?", "Wen hatte ($x | Pope_NP) gegründet?" ],
      "bindingVariable" : "$x",
      "sparql" : "(bgp (triple ?subjOfProp <http://dbpedia.org/ontology/foundedBy> ?objOfProp))\n",
      "bindingType" : "subjOfProp",
      "returnType" : "objOfProp"
    }, {
      "grammarRuleNo" : 3,
      "grammarRules" : [ ],
      "bindingVariable" : "$x",
      "sparql" : "(bgp (triple ?subjOfProp <http://dbpedia.org/ontology/foundedBy> ?objOfProp))\n",
      "bindingType" : "objOfProp",
      "returnType" : "subjOfProp"
    } ]
  }, {
    "id" : 45,
    "Entry" : "to_gründen_2",
    "syntacticFrame" : "VP",
    "rules" : [ {
      "grammarRuleNo" : 1,
      "grammarRules" : [ "wer gründen ($x | Website_NP)?", "wer hat ($x | Website_NP) gegründet?" ],
      "bindingVariable" : "$x",
      "sparql" : "(bgp (triple ?subjOfProp <http://dbpedia.org/ontology/author> ?objOfProp))\n",
      "bindingType" : "subjOfProp",
      "returnType" : "objOfProp"
    }, {
      "grammarRuleNo" : 2,
      "grammarRules" : [ "was war mit ($x | Website_NP) gegründet?", "was wird von ($x | Agent_NP) gegründet?", "was wurde von ($x | Agent_NP) gegründet?" ],
      "bindingVariable" : "$x",
      "sparql" : "(bgp (triple ?subjOfProp <http://dbpedia.org/ontology/author> ?objOfProp))\n",
      "bindingType" : "objOfProp",
      "returnType" : "subjOfProp"
    }, {
      "grammarRuleNo" : 3,
      "grammarRules" : [ ],
      "bindingVariable" : "$x",
      "sparql" : "(bgp (triple ?subjOfProp <http://dbpedia.org/ontology/author> ?objOfProp))\n",
      "bindingType" : "subjOfProp",
      "returnType" : "objOfProp"
    } ]
  }, {
    "id" : 46,
    "Entry" : "to_gründen_3",
    "syntacticFrame" : "VP",
    "rules" : [ {
      "grammarRuleNo" : 1,
      "grammarRules" : [ " Personen gründen ($x | Publisher_NP)?", "Gib mir alle von ($x | Publisher_NP) gegründet Herausgeber", "welche Person gründete ($x | Publisher_NP)?", "welche Person hat ($x | Publisher_NP) gegründet?", "wer gründen ($x | Publisher_NP)?", "wer hat ($x | Publisher_NP) gegründet?" ],
      "bindingVariable" : "$x",
      "sparql" : "(bgp (triple ?subjOfProp <http://dbpedia.org/ontology/founder> ?objOfProp))\n",
      "bindingType" : "subjOfProp",
      "returnType" : "objOfProp"
    }, {
      "grammarRuleNo" : 2,
      "grammarRules" : [ "was war mit ($x | Publisher_NP) gegründet?", "was wird von ($x | Person_NP) gegründet?", "was wurde von ($x | Person_NP) gegründet?", "welche Herausgeber wird von ($x | Person_NP) gegründet?", "welche Herausgeber wurde von ($x | Person_NP) gegründet?" ],
      "bindingVariable" : "$x",
      "sparql" : "(bgp (triple ?subjOfProp <http://dbpedia.org/ontology/founder> ?objOfProp))\n",
      "bindingType" : "objOfProp",
      "returnType" : "subjOfProp"
    }, {
      "grammarRuleNo" : 3,
      "grammarRules" : [ ],
      "bindingVariable" : "$x",
      "sparql" : "(bgp (triple ?subjOfProp <http://dbpedia.org/ontology/founder> ?objOfProp))\n",
      "bindingType" : "subjOfProp",
      "returnType" : "objOfProp"
    } ]
  }, {
    "id" : 47,
    "Entry" : "to_heiraten",
    "syntacticFrame" : "VP",
    "rules" : [ {
      "grammarRuleNo" : 1,
      "grammarRules" : [ " Personen heiraten ($x | Person_NP)?", "welche Person heiratete ($x | Person_NP)?", "wer hat ($x | Person_NP) geheiratet?", "wer heiraten ($x | Person_NP)?" ],
      "bindingVariable" : "$x",
      "sparql" : "(bgp (triple ?subjOfProp <http://dbpedia.org/ontology/spouse> ?objOfProp))\n",
      "bindingType" : "subjOfProp",
      "returnType" : "objOfProp"
    }, {
      "grammarRuleNo" : 2,
      "grammarRules" : [ "Wen hat ($x | Person_NP) geheiratet?", "Wen hatte ($x | Person_NP) geheiratet?" ],
      "bindingVariable" : "$x",
      "sparql" : "(bgp (triple ?subjOfProp <http://dbpedia.org/ontology/spouse> ?objOfProp))\n",
      "bindingType" : "objOfProp",
      "returnType" : "subjOfProp"
    }, {
      "grammarRuleNo" : 3,
      "grammarRules" : [ ],
      "bindingVariable" : "$x",
      "sparql" : "(bgp (triple ?subjOfProp <http://dbpedia.org/ontology/spouse> ?objOfProp))\n",
      "bindingType" : "subjOfProp",
      "returnType" : "objOfProp"
    } ]
  }, {
    "id" : 48,
    "Entry" : "to_inspirieren",
    "syntacticFrame" : "VP",
    "rules" : [ {
      "grammarRuleNo" : 1,
      "grammarRules" : [ "wer hat ($x | Artist_NP) insipriert?", "wer inspirieren ($x | Artist_NP)?" ],
      "bindingVariable" : "$x",
      "sparql" : "(bgp (triple ?subjOfProp <http://dbpedia.org/ontology/influenced> ?objOfProp))\n",
      "bindingType" : "objOfProp",
      "returnType" : "subjOfProp"
    }, {
      "grammarRuleNo" : 2,
      "grammarRules" : [ "Wen hat ($x | Artist_NP) insipriert?", "Wen hatte ($x | Artist_NP) insipriert?" ],
      "bindingVariable" : "$x",
      "sparql" : "(bgp (triple ?subjOfProp <http://dbpedia.org/ontology/influenced> ?objOfProp))\n",
      "bindingType" : "subjOfProp",
      "returnType" : "objOfProp"
    }, {
      "grammarRuleNo" : 3,
      "grammarRules" : [ ],
      "bindingVariable" : "$x",
      "sparql" : "(bgp (triple ?subjOfProp <http://dbpedia.org/ontology/influenced> ?objOfProp))\n",
      "bindingType" : "objOfProp",
      "returnType" : "subjOfProp"
    } ]
  }, {
    "id" : 49,
    "Entry" : "to_komponieren",
    "syntacticFrame" : "VP",
    "rules" : [ {
      "grammarRuleNo" : 1,
      "grammarRules" : [ " Personen komponieren ($x | Film_NP)?", "welche Person hat ($x | Film_NP) komponiert?", "welche Person komponierte ($x | Film_NP)?", "wer hat ($x | Film_NP) komponiert?", "wer komponieren ($x | Film_NP)?" ],
      "bindingVariable" : "$x",
      "sparql" : "(bgp (triple ?subjOfProp <http://dbpedia.org/ontology/musicComposer> ?objOfProp))\n",
      "bindingType" : "subjOfProp",
      "returnType" : "objOfProp"
    }, {
      "grammarRuleNo" : 2,
      "grammarRules" : [ "was war mit ($x | Film_NP) komponiert?", "was wird von ($x | Person_NP) komponiert?", "was wurde von ($x | Person_NP) komponiert?" ],
      "bindingVariable" : "$x",
      "sparql" : "(bgp (triple ?subjOfProp <http://dbpedia.org/ontology/musicComposer> ?objOfProp))\n",
      "bindingType" : "objOfProp",
      "returnType" : "subjOfProp"
    }, {
      "grammarRuleNo" : 3,
      "grammarRules" : [ ],
      "bindingVariable" : "$x",
      "sparql" : "(bgp (triple ?subjOfProp <http://dbpedia.org/ontology/musicComposer> ?objOfProp))\n",
      "bindingType" : "subjOfProp",
      "returnType" : "objOfProp"
    } ]
  }, {
    "id" : 50,
    "Entry" : "to_kosten",
    "syntacticFrame" : "VP",
    "rules" : [ {
      "grammarRuleNo" : 1,
      "grammarRules" : [ ],
      "bindingVariable" : "$x",
      "sparql" : "(bgp (triple ?subjOfProp <http://dbpedia.org/ontology/budget> ?objOfProp))\n",
      "bindingType" : "subjOfProp",
      "returnType" : "objOfProp"
    }, {
      "grammarRuleNo" : 2,
      "grammarRules" : [ ],
      "bindingVariable" : "$x",
      "sparql" : "(bgp (triple ?subjOfProp <http://dbpedia.org/ontology/budget> ?objOfProp))\n",
      "bindingType" : "objOfProp",
      "returnType" : "subjOfProp"
    }, {
      "grammarRuleNo" : 3,
      "grammarRules" : [ ],
      "bindingVariable" : "$x",
      "sparql" : "(bgp (triple ?subjOfProp <http://dbpedia.org/ontology/budget> ?objOfProp))\n",
      "bindingType" : "subjOfProp",
      "returnType" : "objOfProp"
    } ]
  }, {
    "id" : 51,
    "Entry" : "to_malen",
    "syntacticFrame" : "VP",
    "rules" : [ {
      "grammarRuleNo" : 1,
      "grammarRules" : [ " Personen malen ($x | Work_NP)?", "welche Person hat ($x | Work_NP) gemalt?", "welche Person malte ($x | Work_NP)?", "wer hat ($x | Work_NP) gemalt?", "wer malen ($x | Work_NP)?" ],
      "bindingVariable" : "$x",
      "sparql" : "(bgp (triple ?subjOfProp <http://dbpedia.org/property/artist> ?objOfProp))\n",
      "bindingType" : "subjOfProp",
      "returnType" : "objOfProp"
    }, {
      "grammarRuleNo" : 2,
      "grammarRules" : [ "was war mit ($x | Work_NP) gemalt?", "was wird von ($x | Person_NP) gemalt?", "was wurde von ($x | Person_NP) gemalt?" ],
      "bindingVariable" : "$x",
      "sparql" : "(bgp (triple ?subjOfProp <http://dbpedia.org/property/artist> ?objOfProp))\n",
      "bindingType" : "objOfProp",
      "returnType" : "subjOfProp"
    }, {
      "grammarRuleNo" : 3,
      "grammarRules" : [ ],
      "bindingVariable" : "$x",
      "sparql" : "(bgp (triple ?subjOfProp <http://dbpedia.org/property/artist> ?objOfProp))\n",
      "bindingType" : "subjOfProp",
      "returnType" : "objOfProp"
    } ]
  }, {
    "id" : 52,
    "Entry" : "to_moderate",
    "syntacticFrame" : "VP",
    "rules" : [ {
      "grammarRuleNo" : 1,
      "grammarRules" : [ " Personen moderieren ($x | TelevisionShow_NP)?", "welche Person hat ($x | TelevisionShow_NP) moderiert?", "welche Person moderiert ($x | TelevisionShow_NP)?", "wer hat ($x | TelevisionShow_NP) moderiert?", "wer moderieren ($x | TelevisionShow_NP)?" ],
      "bindingVariable" : "$x",
      "sparql" : "(bgp (triple ?subjOfProp <http://dbpedia.org/ontology/presenter> ?objOfProp))\n",
      "bindingType" : "subjOfProp",
      "returnType" : "objOfProp"
    }, {
      "grammarRuleNo" : 2,
      "grammarRules" : [ "was war mit ($x | TelevisionShow_NP) moderiert?", "was wird von ($x | Person_NP) moderiert?", "was wurde von ($x | Person_NP) moderiert?" ],
      "bindingVariable" : "$x",
      "sparql" : "(bgp (triple ?subjOfProp <http://dbpedia.org/ontology/presenter> ?objOfProp))\n",
      "bindingType" : "objOfProp",
      "returnType" : "subjOfProp"
    }, {
      "grammarRuleNo" : 3,
      "grammarRules" : [ ],
      "bindingVariable" : "$x",
      "sparql" : "(bgp (triple ?subjOfProp <http://dbpedia.org/ontology/presenter> ?objOfProp))\n",
      "bindingType" : "subjOfProp",
      "returnType" : "objOfProp"
    } ]
  }, {
    "id" : 53,
    "Entry" : "to_nennen",
    "syntacticFrame" : "VP",
    "rules" : [ {
      "grammarRuleNo" : 1,
      "grammarRules" : [ ],
      "bindingVariable" : "$x",
      "sparql" : "(bgp (triple ?subjOfProp <http://dbpedia.org/property/nickname> ?objOfProp))\n",
      "bindingType" : "objOfProp",
      "returnType" : "subjOfProp"
    }, {
      "grammarRuleNo" : 2,
      "grammarRules" : [ ],
      "bindingVariable" : "$x",
      "sparql" : "(bgp (triple ?subjOfProp <http://dbpedia.org/property/nickname> ?objOfProp))\n",
      "bindingType" : "subjOfProp",
      "returnType" : "objOfProp"
    }, {
      "grammarRuleNo" : 3,
      "grammarRules" : [ ],
      "bindingVariable" : "$x",
      "sparql" : "(bgp (triple ?subjOfProp <http://dbpedia.org/property/nickname> ?objOfProp))\n",
      "bindingType" : "objOfProp",
      "returnType" : "subjOfProp"
    } ]
  }, {
    "id" : 54,
    "Entry" : "to_schreiben_1",
    "syntacticFrame" : "VP",
    "rules" : [ {
      "grammarRuleNo" : 1,
      "grammarRules" : [ " Personen schreiben ($x | Song_NP)?", "welche Person hat ($x | Song_NP) geschrieben?", "welche Person schrieb ($x | Song_NP)?", "wer hat ($x | Song_NP) geschrieben?", "wer schreiben ($x | Song_NP)?" ],
      "bindingVariable" : "$x",
      "sparql" : "(bgp (triple ?subjOfProp <http://dbpedia.org/ontology/writer> ?objOfProp))\n",
      "bindingType" : "subjOfProp",
      "returnType" : "objOfProp"
    }, {
      "grammarRuleNo" : 2,
      "grammarRules" : [ "was war mit ($x | Song_NP) geschrieben?", "was wird von ($x | Person_NP) geschrieben?", "was wurde von ($x | Person_NP) geschrieben?" ],
      "bindingVariable" : "$x",
      "sparql" : "(bgp (triple ?subjOfProp <http://dbpedia.org/ontology/writer> ?objOfProp))\n",
      "bindingType" : "objOfProp",
      "returnType" : "subjOfProp"
    }, {
      "grammarRuleNo" : 3,
      "grammarRules" : [ ],
      "bindingVariable" : "$x",
      "sparql" : "(bgp (triple ?subjOfProp <http://dbpedia.org/ontology/writer> ?objOfProp))\n",
      "bindingType" : "subjOfProp",
      "returnType" : "objOfProp"
    } ]
  }, {
    "id" : 55,
    "Entry" : "to_schreiben_2",
    "syntacticFrame" : "VP",
    "rules" : [ {
      "grammarRuleNo" : 1,
      "grammarRules" : [ " Personen schreiben ($x | TelevisionShow_NP)?", "welche Person hat ($x | TelevisionShow_NP) geschrieben?", "welche Person schrieb ($x | TelevisionShow_NP)?", "wer hat ($x | TelevisionShow_NP) geschrieben?", "wer schreiben ($x | TelevisionShow_NP)?" ],
      "bindingVariable" : "$x",
      "sparql" : "(bgp (triple ?subjOfProp <http://dbpedia.org/ontology/composer> ?objOfProp))\n",
      "bindingType" : "subjOfProp",
      "returnType" : "objOfProp"
    }, {
      "grammarRuleNo" : 2,
      "grammarRules" : [ "was war mit ($x | TelevisionShow_NP) geschrieben?", "was wird von ($x | Person_NP) geschrieben?", "was wurde von ($x | Person_NP) geschrieben?" ],
      "bindingVariable" : "$x",
      "sparql" : "(bgp (triple ?subjOfProp <http://dbpedia.org/ontology/composer> ?objOfProp))\n",
      "bindingType" : "objOfProp",
      "returnType" : "subjOfProp"
    }, {
      "grammarRuleNo" : 3,
      "grammarRules" : [ ],
      "bindingVariable" : "$x",
      "sparql" : "(bgp (triple ?subjOfProp <http://dbpedia.org/ontology/composer> ?objOfProp))\n",
      "bindingType" : "subjOfProp",
      "returnType" : "objOfProp"
    } ]
  }, {
    "id" : 56,
    "Entry" : "to_schreiben_3",
    "syntacticFrame" : "VP",
    "rules" : [ {
      "grammarRuleNo" : 1,
      "grammarRules" : [ " Personen schreiben ($x | Film_NP)?", "welche Person hat ($x | Film_NP) geschrieben?", "welche Person schrieb ($x | Film_NP)?", "wer hat ($x | Film_NP) geschrieben?", "wer schreiben ($x | Film_NP)?" ],
      "bindingVariable" : "$x",
      "sparql" : "(bgp (triple ?subjOfProp <http://dbpedia.org/ontology/musicComposer> ?objOfProp))\n",
      "bindingType" : "subjOfProp",
      "returnType" : "objOfProp"
    }, {
      "grammarRuleNo" : 2,
      "grammarRules" : [ "was war mit ($x | Film_NP) geschrieben?", "was wird von ($x | Person_NP) geschrieben?", "was wurde von ($x | Person_NP) geschrieben?" ],
      "bindingVariable" : "$x",
      "sparql" : "(bgp (triple ?subjOfProp <http://dbpedia.org/ontology/musicComposer> ?objOfProp))\n",
      "bindingType" : "objOfProp",
      "returnType" : "subjOfProp"
    }, {
      "grammarRuleNo" : 3,
      "grammarRules" : [ ],
      "bindingVariable" : "$x",
      "sparql" : "(bgp (triple ?subjOfProp <http://dbpedia.org/ontology/musicComposer> ?objOfProp))\n",
      "bindingType" : "subjOfProp",
      "returnType" : "objOfProp"
    } ]
  }, {
    "id" : 57,
    "Entry" : "to_schreiben_5",
    "syntacticFrame" : "VP",
    "rules" : [ {
      "grammarRuleNo" : 1,
      "grammarRules" : [ " Personen schreiben ($x | Book_NP)?", "welche Person hat ($x | Book_NP) geschrieben?", "welche Person schrieb ($x | Book_NP)?", "wer hat ($x | Book_NP) geschrieben?", "wer schreiben ($x | Book_NP)?" ],
      "bindingVariable" : "$x",
      "sparql" : "(bgp (triple ?subjOfProp <http://dbpedia.org/ontology/author> ?objOfProp))\n",
      "bindingType" : "subjOfProp",
      "returnType" : "objOfProp"
    }, {
      "grammarRuleNo" : 2,
      "grammarRules" : [ "was war mit ($x | Book_NP) geschrieben?", "was wird von ($x | Person_NP) geschrieben?", "was wurde von ($x | Person_NP) geschrieben?" ],
      "bindingVariable" : "$x",
      "sparql" : "(bgp (triple ?subjOfProp <http://dbpedia.org/ontology/author> ?objOfProp))\n",
      "bindingType" : "objOfProp",
      "returnType" : "subjOfProp"
    }, {
      "grammarRuleNo" : 3,
      "grammarRules" : [ ],
      "bindingVariable" : "$x",
      "sparql" : "(bgp (triple ?subjOfProp <http://dbpedia.org/ontology/author> ?objOfProp))\n",
      "bindingType" : "subjOfProp",
      "returnType" : "objOfProp"
    } ]
  }, {
    "id" : 58,
    "Entry" : "to_spielen_1",
    "syntacticFrame" : "VP",
    "rules" : [ {
      "grammarRuleNo" : 1,
      "grammarRules" : [ " Personen spielen ($x | FictionalCharacter_NP)?", "welche Person spielte ($x | FictionalCharacter_NP)?", "wer hat ($x | FictionalCharacter_NP) gespielt?", "wer spielen ($x | FictionalCharacter_NP)?" ],
      "bindingVariable" : "$x",
      "sparql" : "(bgp (triple ?subjOfProp <http://dbpedia.org/property/portrayer> ?objOfProp))\n",
      "bindingType" : "subjOfProp",
      "returnType" : "objOfProp"
    }, {
      "grammarRuleNo" : 2,
      "grammarRules" : [ "Wen hat ($x | FictionalCharacter_NP) gespielt?", "Wen hatte ($x | FictionalCharacter_NP) gespielt?" ],
      "bindingVariable" : "$x",
      "sparql" : "(bgp (triple ?subjOfProp <http://dbpedia.org/property/portrayer> ?objOfProp))\n",
      "bindingType" : "objOfProp",
      "returnType" : "subjOfProp"
    }, {
      "grammarRuleNo" : 3,
      "grammarRules" : [ ],
      "bindingVariable" : "$x",
      "sparql" : "(bgp (triple ?subjOfProp <http://dbpedia.org/property/portrayer> ?objOfProp))\n",
      "bindingType" : "subjOfProp",
      "returnType" : "objOfProp"
    } ]
  }, {
    "id" : 59,
    "Entry" : "to_spielen_2",
    "syntacticFrame" : "VP",
    "rules" : [ {
      "grammarRuleNo" : 1,
      "grammarRules" : [ " Personen spielen ($x | FictionalCharacter_NP)?", "welche Person spielte ($x | FictionalCharacter_NP)?", "wer hat ($x | FictionalCharacter_NP) gespielt?", "wer spielen ($x | FictionalCharacter_NP)?" ],
      "bindingVariable" : "$x",
      "sparql" : "(bgp (triple ?subjOfProp <http://dbpedia.org/property/portrayer> ?objOfProp))\n",
      "bindingType" : "subjOfProp",
      "returnType" : "objOfProp"
    }, {
      "grammarRuleNo" : 2,
      "grammarRules" : [ "Wen hat ($x | FictionalCharacter_NP) gespielt?", "Wen hatte ($x | FictionalCharacter_NP) gespielt?" ],
      "bindingVariable" : "$x",
      "sparql" : "(bgp (triple ?subjOfProp <http://dbpedia.org/property/portrayer> ?objOfProp))\n",
      "bindingType" : "objOfProp",
      "returnType" : "subjOfProp"
    }, {
      "grammarRuleNo" : 3,
      "grammarRules" : [ ],
      "bindingVariable" : "$x",
      "sparql" : "(bgp (triple ?subjOfProp <http://dbpedia.org/property/portrayer> ?objOfProp))\n",
      "bindingType" : "subjOfProp",
      "returnType" : "objOfProp"
    } ]
  }, {
    "id" : 60,
    "Entry" : "to_stellen",
    "syntacticFrame" : "VP",
    "rules" : [ {
      "grammarRuleNo" : 1,
      "grammarRules" : [ ],
      "bindingVariable" : "$x",
      "sparql" : "(bgp (triple ?subjOfProp <http://dbpedia.org/ontology/product> ?objOfProp))\n",
      "bindingType" : "objOfProp",
      "returnType" : "subjOfProp"
    }, {
      "grammarRuleNo" : 2,
      "grammarRules" : [ ],
      "bindingVariable" : "$x",
      "sparql" : "(bgp (triple ?subjOfProp <http://dbpedia.org/ontology/product> ?objOfProp))\n",
      "bindingType" : "subjOfProp",
      "returnType" : "objOfProp"
    }, {
      "grammarRuleNo" : 3,
      "grammarRules" : [ ],
      "bindingVariable" : "$x",
      "sparql" : "(bgp (triple ?subjOfProp <http://dbpedia.org/ontology/product> ?objOfProp))\n",
      "bindingType" : "objOfProp",
      "returnType" : "subjOfProp"
    } ]
  }, {
    "id" : 61,
    "Entry" : "to_verheiraten",
    "syntacticFrame" : "VP",
    "rules" : [ {
      "grammarRuleNo" : 1,
      "grammarRules" : [ " Personen verheiraten ($x | Person_NP)?", "welche Person verheirate ($x | Person_NP)?", "wer hat ($x | Person_NP) verheiratet?", "wer verheiraten ($x | Person_NP)?" ],
      "bindingVariable" : "$x",
      "sparql" : "(bgp (triple ?subjOfProp <http://dbpedia.org/ontology/spouse> ?objOfProp))\n",
      "bindingType" : "subjOfProp",
      "returnType" : "objOfProp"
    }, {
      "grammarRuleNo" : 2,
      "grammarRules" : [ "Wen hat ($x | Person_NP) verheiratet?", "Wen hatte ($x | Person_NP) verheiratet?" ],
      "bindingVariable" : "$x",
      "sparql" : "(bgp (triple ?subjOfProp <http://dbpedia.org/ontology/spouse> ?objOfProp))\n",
      "bindingType" : "objOfProp",
      "returnType" : "subjOfProp"
    }, {
      "grammarRuleNo" : 3,
      "grammarRules" : [ ],
      "bindingVariable" : "$x",
      "sparql" : "(bgp (triple ?subjOfProp <http://dbpedia.org/ontology/spouse> ?objOfProp))\n",
      "bindingType" : "subjOfProp",
      "returnType" : "objOfProp"
    } ]
  }, {
    "id" : 62,
    "Entry" : "to_verlegen",
    "syntacticFrame" : "VP",
    "rules" : [ {
      "grammarRuleNo" : 1,
      "grammarRules" : [ " Personen verlegen ($x | Work_NP)?", "welche Person hat ($x | Work_NP) verlegt?", "welche Person verlegte ($x | Work_NP)?", "wer hat ($x | Work_NP) verlegt?", "wer verlegen ($x | Work_NP)?" ],
      "bindingVariable" : "$x",
      "sparql" : "(bgp (triple ?subjOfProp <http://dbpedia.org/ontology/publisher> ?objOfProp))\n",
      "bindingType" : "subjOfProp",
      "returnType" : "objOfProp"
    }, {
      "grammarRuleNo" : 2,
      "grammarRules" : [ "was war mit ($x | Work_NP) verlegt?", "was wird von ($x | Person_NP) verlegt?", "was wurde von ($x | Person_NP) verlegt?" ],
      "bindingVariable" : "$x",
      "sparql" : "(bgp (triple ?subjOfProp <http://dbpedia.org/ontology/publisher> ?objOfProp))\n",
      "bindingType" : "objOfProp",
      "returnType" : "subjOfProp"
    }, {
      "grammarRuleNo" : 3,
      "grammarRules" : [ ],
      "bindingVariable" : "$x",
      "sparql" : "(bgp (triple ?subjOfProp <http://dbpedia.org/ontology/publisher> ?objOfProp))\n",
      "bindingType" : "subjOfProp",
      "returnType" : "objOfProp"
    } ]
  }, {
    "id" : 63,
    "Entry" : "to_überspannen",
    "syntacticFrame" : "VP",
    "rules" : [ {
      "grammarRuleNo" : 1,
      "grammarRules" : [ ],
      "bindingVariable" : "$x",
      "sparql" : "(bgp (triple ?subjOfProp <http://dbpedia.org/ontology/crosses> ?objOfProp))\n",
      "bindingType" : "objOfProp",
      "returnType" : "subjOfProp"
    }, {
      "grammarRuleNo" : 2,
      "grammarRules" : [ ],
      "bindingVariable" : "$x",
      "sparql" : "(bgp (triple ?subjOfProp <http://dbpedia.org/ontology/crosses> ?objOfProp))\n",
      "bindingType" : "subjOfProp",
      "returnType" : "objOfProp"
    }, {
      "grammarRuleNo" : 3,
      "grammarRules" : [ ],
      "bindingVariable" : "$x",
      "sparql" : "(bgp (triple ?subjOfProp <http://dbpedia.org/ontology/crosses> ?objOfProp))\n",
      "bindingType" : "objOfProp",
      "returnType" : "subjOfProp"
    } ]
  }, {
    "id" : 64,
    "Entry" : "unknown_0",
    "syntacticFrame" : "FULL_DATASET",
    "rules" : [ {
      "grammarRuleNo" : 1,
      "grammarRules" : [ "Where is $x located?" ],
      "bindingVariable" : "$x",
      "sparql" : "(join\n  (union\n    (bgp (triple ?subjOfProp <http://dbpedia.org/ontology/country> ?objOfProp))\n    (bgp (triple ?subjOfProp <http://dbpedia.org/ontology/location> ?objOfProp)))\n  (bgp\n    (triple ?objOfProp <http://www.w3.org/1999/02/22-rdf-syntax-ns#type> <http://dbpedia.org/ontology/Location>)\n    (triple ?subjOfProp <http://www.w3.org/1999/02/22-rdf-syntax-ns#type> <http://dbpedia.org/ontology/Location>)\n  ))\n",
      "bindingType" : "subjOfProp",
      "returnType" : "objOfProp"
    } ]
  }, {
    "id" : 65,
    "Entry" : "verheiratened",
    "syntacticFrame" : "APP",
    "rules" : [ {
      "grammarRuleNo" : 1,
      "grammarRules" : [ ],
      "bindingVariable" : "$x",
      "sparql" : "(bgp (triple ?subjOfProp <http://dbpedia.org/ontology/spouse> ?objOfProp))\n",
      "bindingType" : "objOfProp",
      "returnType" : "subjOfProp"
    }, {
      "grammarRuleNo" : 2,
      "grammarRules" : [ ],
      "bindingVariable" : "$x",
      "sparql" : "(bgp (triple ?subjOfProp <http://dbpedia.org/ontology/spouse> ?objOfProp))\n",
      "bindingType" : "objOfProp",
      "returnType" : "subjOfProp"
    } ]
  }, {
    "id" : 66,
    "Entry" : "verlegened",
    "syntacticFrame" : "APP",
    "rules" : [ {
      "grammarRuleNo" : 1,
      "grammarRules" : [ ],
      "bindingVariable" : "$x",
      "sparql" : "(bgp (triple ?subjOfProp <http://dbpedia.org/ontology/publisher> ?objOfProp))\n",
      "bindingType" : "objOfProp",
      "returnType" : "subjOfProp"
    }, {
      "grammarRuleNo" : 2,
      "grammarRules" : [ ],
      "bindingVariable" : "$x",
      "sparql" : "(bgp (triple ?subjOfProp <http://dbpedia.org/ontology/publisher> ?objOfProp))\n",
      "bindingType" : "objOfProp",
      "returnType" : "subjOfProp"
    } ]
  }, {
    "id" : 67,
    "Entry" : "überspannened",
    "syntacticFrame" : "APP",
    "rules" : [ {
      "grammarRuleNo" : 1,
      "grammarRules" : [ ],
      "bindingVariable" : "$x",
      "sparql" : "(bgp (triple ?subjOfProp <http://dbpedia.org/ontology/crosses> ?objOfProp))\n",
      "bindingType" : "objOfProp",
      "returnType" : "subjOfProp"
    }, {
      "grammarRuleNo" : 2,
      "grammarRules" : [ ],
      "bindingVariable" : "$x",
      "sparql" : "(bgp (triple ?subjOfProp <http://dbpedia.org/ontology/crosses> ?objOfProp))\n",
      "bindingType" : "objOfProp",
      "returnType" : "subjOfProp"
    } ]
  } ]
}